f1_micro,f1_macro,runtime,overlap_ratio,num_clusters,dataset,method,wmc,seed,label
0.7298288508557457,0.5594039607768201,2.0571844577789307,1.0,14,Cora,fixed_wmc,1.0,0,no_overlap
0.8026124818577649,0.7018346068261456,1.5162761211395264,1.6864844903988183,14,Cora,fixed_wmc,0.1,0,WMC_0.10
0.8505367464905037,0.8157474451760086,1.4412169456481934,1.4841211225997046,14,Cora,fixed_wmc,0.2,0,WMC_0.20
0.7928571428571428,0.6892511836293408,1.4775173664093018,1.3714918759231904,14,Cora,fixed_wmc,0.3,0,WMC_0.30
0.8247619047619048,0.7887790620046115,1.4198038578033447,1.286189069423929,14,Cora,fixed_wmc,0.4,0,WMC_0.40
0.762,0.6075959755902308,1.4919922351837158,1.223042836041359,14,Cora,fixed_wmc,0.5,0,WMC_0.50
0.7422145328719724,0.5657091657081229,1.5775513648986816,1.413589364844904,14,Cora,adaptive,0.3,0,entropy_l050
0.7844974446337308,0.6875486587677413,1.6007015705108643,1.4361152141802067,14,Cora,adaptive,0.3,0,margin_l050
0.7295918367346939,0.5530464594681083,1.9059243202209473,1.4394387001477105,14,Cora,adaptive,0.3,0,hybrid_l050
0.8484107579462102,0.8278765991081699,1.828343391418457,1.0,14,Cora,fixed_wmc,1.0,1,no_overlap
0.7815674891146589,0.6914334315973021,2.080169200897217,1.6864844903988183,14,Cora,fixed_wmc,0.1,1,WMC_0.10
0.791907514450867,0.685534227507076,1.6363272666931152,1.4841211225997046,14,Cora,fixed_wmc,0.2,1,WMC_0.20
0.8044642857142857,0.7356006575189882,1.5324485301971436,1.3714918759231904,14,Cora,fixed_wmc,0.3,1,WMC_0.30
0.7904761904761904,0.7134593710063912,1.4538600444793701,1.286189069423929,14,Cora,fixed_wmc,0.4,1,WMC_0.40
0.839,0.8134870634431041,1.4834840297698975,1.223042836041359,14,Cora,fixed_wmc,0.5,1,WMC_0.50
0.8451557093425606,0.8154636993067154,1.5040078163146973,1.413589364844904,14,Cora,adaptive,0.3,1,entropy_l050
0.858603066439523,0.842611052028925,1.6003341674804688,1.4361152141802067,14,Cora,adaptive,0.3,1,margin_l050
0.8435374149659864,0.8179011747006891,1.6349904537200928,1.4394387001477105,14,Cora,adaptive,0.3,1,hybrid_l050
0.7493887530562348,0.661281160241962,1.3980085849761963,1.0,14,Cora,fixed_wmc,1.0,2,no_overlap
0.809143686502177,0.7389492665631302,1.5520541667938232,1.6864844903988183,14,Cora,fixed_wmc,0.1,2,WMC_0.10
0.8042939719240297,0.7066955034484275,1.502485990524292,1.4841211225997046,14,Cora,fixed_wmc,0.2,2,WMC_0.20
0.83125,0.7942433805940723,1.5093507766723633,1.3714918759231904,14,Cora,fixed_wmc,0.3,2,WMC_0.30
0.8085714285714286,0.7681440478826371,1.563065767288208,1.286189069423929,14,Cora,fixed_wmc,0.4,2,WMC_0.40
0.821,0.7958776632379644,1.4689483642578125,1.223042836041359,14,Cora,fixed_wmc,0.5,2,WMC_0.50
0.8036332179930796,0.7065528486808959,1.5197241306304932,1.413589364844904,14,Cora,adaptive,0.3,2,entropy_l050
0.8083475298126065,0.7276137821589873,1.4846034049987793,1.4361152141802067,14,Cora,adaptive,0.3,2,margin_l050
0.8350340136054422,0.7973610637022425,1.5320746898651123,1.4394387001477105,14,Cora,adaptive,0.3,2,hybrid_l050
0.7163814180929096,0.5531410906699806,1.4490618705749512,1.0,14,Cora,fixed_wmc,1.0,3,no_overlap
0.8338171262699564,0.8064719904661821,1.6535899639129639,1.6864844903988183,14,Cora,fixed_wmc,0.1,3,WMC_0.10
0.6556564822460776,0.5075011094229689,1.4873459339141846,1.4841211225997046,14,Cora,fixed_wmc,0.2,3,WMC_0.20
0.8044642857142857,0.7487871134058409,1.4813554286956787,1.3714918759231904,14,Cora,fixed_wmc,0.3,3,WMC_0.30
0.8057142857142857,0.765530334502344,1.4730148315429688,1.286189069423929,14,Cora,fixed_wmc,0.4,3,WMC_0.40
0.802,0.6965888995242661,1.4894475936889648,1.223042836041359,14,Cora,fixed_wmc,0.5,3,WMC_0.50
0.8096885813148789,0.6995047395055652,1.8165934085845947,1.413589364844904,14,Cora,adaptive,0.3,3,entropy_l050
0.8475298126064736,0.8171692444565639,1.940593957901001,1.4361152141802067,14,Cora,adaptive,0.3,3,margin_l050
0.8205782312925171,0.7369470957200736,1.6007938385009766,1.4394387001477105,14,Cora,adaptive,0.3,3,hybrid_l050
0.8215158924205379,0.797588725224598,1.4149980545043945,1.0,14,Cora,fixed_wmc,1.0,4,no_overlap
0.7743105950653121,0.6362764487890094,1.4961600303649902,1.6864844903988183,14,Cora,fixed_wmc,0.1,4,WMC_0.10
0.8480594549958712,0.8177119324923018,1.5675666332244873,1.4841211225997046,14,Cora,fixed_wmc,0.2,4,WMC_0.20
0.85,0.8229040433527516,1.4949939250946045,1.3714918759231904,14,Cora,fixed_wmc,0.3,4,WMC_0.30
0.8066666666666666,0.7378915140932104,1.6062259674072266,1.286189069423929,14,Cora,fixed_wmc,0.4,4,WMC_0.40
0.779,0.6616433911242988,1.4899694919586182,1.223042836041359,14,Cora,fixed_wmc,0.5,4,WMC_0.50
0.8460207612456747,0.8251268762998433,1.5106768608093262,1.413589364844904,14,Cora,adaptive,0.3,4,entropy_l050
0.762350936967632,0.6019243461229007,1.576805830001831,1.4361152141802067,14,Cora,adaptive,0.3,4,margin_l050
0.8367346938775511,0.8057199365095077,1.5365962982177734,1.4394387001477105,14,Cora,adaptive,0.3,4,hybrid_l050
0.7677261613691931,0.6917768049708573,1.3992433547973633,1.0,14,Cora,fixed_wmc,1.0,5,no_overlap
0.8476052249637155,0.8291186046594091,1.9421257972717285,1.6864844903988183,14,Cora,fixed_wmc,0.1,5,WMC_0.10
0.8447563996696945,0.8288799454247427,1.5593671798706055,1.4841211225997046,14,Cora,fixed_wmc,0.2,5,WMC_0.20
0.8401785714285714,0.8190587002743579,1.5116655826568604,1.3714918759231904,14,Cora,fixed_wmc,0.3,5,WMC_0.30
0.8333333333333334,0.8037387694589425,1.7171242237091064,1.286189069423929,14,Cora,fixed_wmc,0.4,5,WMC_0.40
0.845,0.8284459483273813,1.585970163345337,1.223042836041359,14,Cora,fixed_wmc,0.5,5,WMC_0.50
0.8356401384083045,0.8132103926165949,1.6471152305603027,1.413589364844904,14,Cora,adaptive,0.3,5,entropy_l050
0.8415672913117547,0.819391659396998,1.5386133193969727,1.4361152141802067,14,Cora,adaptive,0.3,5,margin_l050
0.8452380952380952,0.822340191166503,1.5369367599487305,1.4394387001477105,14,Cora,adaptive,0.3,5,hybrid_l050
0.8276283618581907,0.8044605511354318,1.430835485458374,1.0,14,Cora,fixed_wmc,1.0,6,no_overlap
0.8570391872278664,0.8431765049701473,1.6294448375701904,1.6864844903988183,14,Cora,fixed_wmc,0.1,6,WMC_0.10
0.8546655656482246,0.8376691943367763,1.513350486755371,1.4841211225997046,14,Cora,fixed_wmc,0.2,6,WMC_0.20
0.8473214285714286,0.8284946249944917,1.855543613433838,1.3714918759231904,14,Cora,fixed_wmc,0.3,6,WMC_0.30
0.8504761904761905,0.8385014924039957,1.7480509281158447,1.286189069423929,14,Cora,fixed_wmc,0.4,6,WMC_0.40
0.852,0.8415064691129273,2.4364359378814697,1.223042836041359,14,Cora,fixed_wmc,0.5,6,WMC_0.50
0.860726643598616,0.8463511462026613,1.9047694206237793,1.413589364844904,14,Cora,adaptive,0.3,6,entropy_l050
0.833901192504259,0.8203081810824308,1.855712652206421,1.4361152141802067,14,Cora,adaptive,0.3,6,margin_l050
0.8528911564625851,0.8411623841390252,2.0142829418182373,1.4394387001477105,14,Cora,adaptive,0.3,6,hybrid_l050
0.7946210268948656,0.7206270374415462,1.8955442905426025,1.0,14,Cora,fixed_wmc,1.0,7,no_overlap
0.8519593613933236,0.8319635536064095,1.9186992645263672,1.6864844903988183,14,Cora,fixed_wmc,0.1,7,WMC_0.10
0.847233691164327,0.8273007699743251,1.8645498752593994,1.4841211225997046,14,Cora,fixed_wmc,0.2,7,WMC_0.20
0.85,0.8302534456508367,1.7217819690704346,1.3714918759231904,14,Cora,fixed_wmc,0.3,7,WMC_0.30
0.8485714285714285,0.8339314862205843,1.7633247375488281,1.286189069423929,14,Cora,fixed_wmc,0.4,7,WMC_0.40
0.854,0.8424124647322765,1.630195140838623,1.223042836041359,14,Cora,fixed_wmc,0.5,7,WMC_0.50
0.8399653979238755,0.8232936897094792,1.8405473232269287,1.413589364844904,14,Cora,adaptive,0.3,7,entropy_l050
0.848381601362862,0.8174320075734138,1.7770490646362305,1.4361152141802067,14,Cora,adaptive,0.3,7,margin_l050
0.8401360544217688,0.8152684757931025,1.8315064907073975,1.4394387001477105,14,Cora,adaptive,0.3,7,hybrid_l050
0.8569682151589242,0.8425334928894301,1.5693795680999756,1.0,14,Cora,fixed_wmc,1.0,8,no_overlap
0.8113207547169812,0.7474867364978708,1.727649450302124,1.6864844903988183,14,Cora,fixed_wmc,0.1,8,WMC_0.10
0.838150289017341,0.789301792990029,1.7642743587493896,1.4841211225997046,14,Cora,fixed_wmc,0.2,8,WMC_0.20
0.8089285714285714,0.7510594383493762,1.7048344612121582,1.3714918759231904,14,Cora,fixed_wmc,0.3,8,WMC_0.30
0.8161904761904762,0.771735974117513,1.722989797592163,1.286189069423929,14,Cora,fixed_wmc,0.4,8,WMC_0.40
0.808,0.7224108292481995,1.661820411682129,1.223042836041359,14,Cora,fixed_wmc,0.5,8,WMC_0.50
0.8269896193771626,0.7868528847111811,1.6774766445159912,1.413589364844904,14,Cora,adaptive,0.3,8,entropy_l050
0.797274275979557,0.6918896980610009,1.8149359226226807,1.4361152141802067,14,Cora,adaptive,0.3,8,margin_l050
0.8078231292517006,0.703896628439559,1.680586814880371,1.4394387001477105,14,Cora,adaptive,0.3,8,hybrid_l050
0.8386308068459658,0.8178875721802851,1.5357475280761719,1.0,14,Cora,fixed_wmc,1.0,9,no_overlap
0.8613933236574746,0.8431391269006142,1.7449464797973633,1.6864844903988183,14,Cora,fixed_wmc,0.1,9,WMC_0.10
0.8274153592072667,0.7975969690439462,1.64133882522583,1.4841211225997046,14,Cora,fixed_wmc,0.2,9,WMC_0.20
0.8526785714285714,0.8331757978373592,1.6628129482269287,1.3714918759231904,14,Cora,fixed_wmc,0.3,9,WMC_0.30
0.8276190476190476,0.7745170120705722,1.7293055057525635,1.286189069423929,14,Cora,fixed_wmc,0.4,9,WMC_0.40
0.822,0.7817142488541989,1.6350035667419434,1.223042836041359,14,Cora,fixed_wmc,0.5,9,WMC_0.50
0.8070934256055363,0.707286622302056,1.7424001693725586,1.413589364844904,14,Cora,adaptive,0.3,9,entropy_l050
0.8211243611584327,0.7798608138357468,1.7582199573516846,1.4361152141802067,14,Cora,adaptive,0.3,9,margin_l050
0.8375850340136054,0.8195494720959254,1.7794134616851807,1.4394387001477105,14,Cora,adaptive,0.3,9,hybrid_l050
0.6821515892420538,0.5110890234158261,1.730663776397705,1.0,14,Cora,fixed_wmc,1.0,10,no_overlap
0.8272859216255443,0.7591545240215828,1.9689908027648926,1.6864844903988183,14,Cora,fixed_wmc,0.1,10,WMC_0.10
0.8125516102394715,0.7069921486868225,1.6251614093780518,1.4841211225997046,14,Cora,fixed_wmc,0.2,10,WMC_0.20
0.8223214285714285,0.8037634301856761,1.7386667728424072,1.3714918759231904,14,Cora,fixed_wmc,0.3,10,WMC_0.30
0.8152380952380952,0.711988945116593,1.712852954864502,1.286189069423929,14,Cora,fixed_wmc,0.4,10,WMC_0.40
0.812,0.7732888388126087,1.6233322620391846,1.223042836041359,14,Cora,fixed_wmc,0.5,10,WMC_0.50
0.801038062283737,0.7217330773356088,1.686335802078247,1.413589364844904,14,Cora,adaptive,0.3,10,entropy_l050
0.833901192504259,0.8022678248598701,1.7874534130096436,1.4361152141802067,14,Cora,adaptive,0.3,10,margin_l050
0.8256802721088435,0.7908677839116696,1.760054349899292,1.4394387001477105,14,Cora,adaptive,0.3,10,hybrid_l050
0.843520782396088,0.832679739199821,1.5928568840026855,1.0,14,Cora,fixed_wmc,1.0,11,no_overlap
0.8040638606676342,0.7630138812953098,1.7140748500823975,1.6864844903988183,14,Cora,fixed_wmc,0.1,11,WMC_0.10
0.8034682080924855,0.7615082019534254,1.6526753902435303,1.4841211225997046,14,Cora,fixed_wmc,0.2,11,WMC_0.20
0.8544642857142857,0.8375726413257508,1.6344273090362549,1.3714918759231904,14,Cora,fixed_wmc,0.3,11,WMC_0.30
0.8219047619047619,0.7798183093449922,1.7420308589935303,1.286189069423929,14,Cora,fixed_wmc,0.4,11,WMC_0.40
0.816,0.7723289273075309,1.6703436374664307,1.223042836041359,14,Cora,fixed_wmc,0.5,11,WMC_0.50
0.8641868512110726,0.851571729985402,1.7773628234863281,1.413589364844904,14,Cora,adaptive,0.3,11,entropy_l050
0.8304940374787053,0.8095372101670988,1.623514175415039,1.4361152141802067,14,Cora,adaptive,0.3,11,margin_l050
0.7933673469387755,0.6978010865860512,1.7257063388824463,1.4394387001477105,14,Cora,adaptive,0.3,11,hybrid_l050
0.773838630806846,0.6956006252254603,1.682447910308838,1.0,14,Cora,fixed_wmc,1.0,12,no_overlap
0.8352685050798259,0.81488118454317,1.772740364074707,1.6864844903988183,14,Cora,fixed_wmc,0.1,12,WMC_0.10
0.8356729975227085,0.8127790015031823,1.6737892627716064,1.4841211225997046,14,Cora,fixed_wmc,0.2,12,WMC_0.20
0.83125,0.7818813919979862,1.7215723991394043,1.3714918759231904,14,Cora,fixed_wmc,0.3,12,WMC_0.30
0.7666666666666667,0.6670224746734164,1.7239339351654053,1.286189069423929,14,Cora,fixed_wmc,0.4,12,WMC_0.40
0.805,0.7111449292894477,1.6406173706054688,1.223042836041359,14,Cora,fixed_wmc,0.5,12,WMC_0.50
0.8183391003460208,0.7702143023311698,1.768674612045288,1.413589364844904,14,Cora,adaptive,0.3,12,entropy_l050
0.8211243611584327,0.7219209655058086,1.6677310466766357,1.4361152141802067,14,Cora,adaptive,0.3,12,margin_l050
0.8707482993197279,0.8544467467241309,1.7049930095672607,1.4394387001477105,14,Cora,adaptive,0.3,12,hybrid_l050
0.8484107579462102,0.8308084889079878,1.6161446571350098,1.0,14,Cora,fixed_wmc,1.0,13,no_overlap
0.8301886792452831,0.8165561148804207,1.689666986465454,1.6864844903988183,14,Cora,fixed_wmc,0.1,13,WMC_0.10
0.8422791081750619,0.822770782863478,1.9305474758148193,1.4841211225997046,14,Cora,fixed_wmc,0.2,13,WMC_0.20
0.8446428571428571,0.8358489949395153,1.8187446594238281,1.3714918759231904,14,Cora,fixed_wmc,0.3,13,WMC_0.30
0.82,0.792703951783797,1.7467141151428223,1.286189069423929,14,Cora,fixed_wmc,0.4,13,WMC_0.40
0.847,0.8357968502751371,1.5916969776153564,1.223042836041359,14,Cora,fixed_wmc,0.5,13,WMC_0.50
0.8555363321799307,0.8461996313739005,1.7696475982666016,1.413589364844904,14,Cora,adaptive,0.3,13,entropy_l050
0.8202725724020443,0.8036001358537457,1.7436387538909912,1.4361152141802067,14,Cora,adaptive,0.3,13,margin_l050
0.8367346938775511,0.824158665102375,1.834242820739746,1.4394387001477105,14,Cora,adaptive,0.3,13,hybrid_l050
0.8508557457212714,0.8440611130077428,1.6481871604919434,1.0,14,Cora,fixed_wmc,1.0,14,no_overlap
0.8526850507982583,0.8377358321478869,1.7127609252929688,1.6864844903988183,14,Cora,fixed_wmc,0.1,14,WMC_0.10
0.8447563996696945,0.8335470636607271,1.6905500888824463,1.4841211225997046,14,Cora,fixed_wmc,0.2,14,WMC_0.20
0.8535714285714285,0.8330665069291875,1.6560988426208496,1.3714918759231904,14,Cora,fixed_wmc,0.3,14,WMC_0.30
0.8533333333333334,0.8355905363117094,1.974951982498169,1.286189069423929,14,Cora,fixed_wmc,0.4,14,WMC_0.40
0.845,0.8272866945063095,1.6479148864746094,1.223042836041359,14,Cora,fixed_wmc,0.5,14,WMC_0.50
0.842560553633218,0.8211001391876556,1.7102060317993164,1.413589364844904,14,Cora,adaptive,0.3,14,entropy_l050
0.8551959114139693,0.8454003295532798,1.6869957447052002,1.4361152141802067,14,Cora,adaptive,0.3,14,margin_l050
0.8469387755102041,0.8323851964996728,1.7877764701843262,1.4394387001477105,14,Cora,adaptive,0.3,14,hybrid_l050
0.8288508557457213,0.7980040548684695,1.5554430484771729,1.0,14,Cora,fixed_wmc,1.0,15,no_overlap
0.8439767779390421,0.817637530407087,1.8103337287902832,1.6864844903988183,14,Cora,fixed_wmc,0.1,15,WMC_0.10
0.8521882741535921,0.8331351261657121,1.7413408756256104,1.4841211225997046,14,Cora,fixed_wmc,0.2,15,WMC_0.20
0.8517857142857143,0.8404107246844569,1.6417341232299805,1.3714918759231904,14,Cora,fixed_wmc,0.3,15,WMC_0.30
0.839047619047619,0.8102677991506483,1.6505894660949707,1.286189069423929,14,Cora,fixed_wmc,0.4,15,WMC_0.40
0.867,0.8577810582844989,1.6904191970825195,1.223042836041359,14,Cora,fixed_wmc,0.5,15,WMC_0.50
0.8503460207612457,0.8344173519142041,1.6689636707305908,1.413589364844904,14,Cora,adaptive,0.3,15,entropy_l050
0.8492333901192505,0.8283992076131858,1.78779935836792,1.4361152141802067,14,Cora,adaptive,0.3,15,margin_l050
0.8460884353741497,0.8301309529434747,1.7081475257873535,1.4394387001477105,14,Cora,adaptive,0.3,15,hybrid_l050
0.7726161369193154,0.7009267022146579,1.5452675819396973,1.0,14,Cora,fixed_wmc,1.0,16,no_overlap
0.8563134978229318,0.8338642276070918,1.6984269618988037,1.6864844903988183,14,Cora,fixed_wmc,0.1,16,WMC_0.10
0.8373245251857968,0.8162772159668606,1.7025773525238037,1.4841211225997046,14,Cora,fixed_wmc,0.2,16,WMC_0.20
0.8285714285714286,0.7906598801240667,1.7469427585601807,1.3714918759231904,14,Cora,fixed_wmc,0.3,16,WMC_0.30
0.8504761904761905,0.8392639032449586,1.6440761089324951,1.286189069423929,14,Cora,fixed_wmc,0.4,16,WMC_0.40
0.818,0.7701112334323292,1.6536731719970703,1.223042836041359,14,Cora,fixed_wmc,0.5,16,WMC_0.50
0.8460207612456747,0.8244655374430759,1.6715967655181885,1.413589364844904,14,Cora,adaptive,0.3,16,entropy_l050
0.854344122657581,0.838791938973782,1.6676795482635498,1.4361152141802067,14,Cora,adaptive,0.3,16,margin_l050
0.7950680272108843,0.7024926798513121,1.7953290939331055,1.4394387001477105,14,Cora,adaptive,0.3,16,hybrid_l050
0.80440097799511,0.693995737851217,1.64249587059021,1.0,14,Cora,fixed_wmc,1.0,17,no_overlap
0.8577648766328012,0.8371649004255589,1.6970443725585938,1.6864844903988183,14,Cora,fixed_wmc,0.1,17,WMC_0.10
0.8191577208918249,0.7903028180895506,1.680070161819458,1.4841211225997046,14,Cora,fixed_wmc,0.2,17,WMC_0.20
0.8080357142857143,0.757321558932125,1.6734974384307861,1.3714918759231904,14,Cora,fixed_wmc,0.3,17,WMC_0.30
0.840952380952381,0.8050460148957624,1.6240391731262207,1.286189069423929,14,Cora,fixed_wmc,0.4,17,WMC_0.40
0.799,0.6877235294044391,1.735180377960205,1.223042836041359,14,Cora,fixed_wmc,0.5,17,WMC_0.50
0.7967128027681661,0.6843349028483149,1.8784143924713135,1.413589364844904,14,Cora,adaptive,0.3,17,entropy_l050
0.8364565587734242,0.7773609366431818,1.743642807006836,1.4361152141802067,14,Cora,adaptive,0.3,17,margin_l050
0.8358843537414966,0.8103084422604693,1.7242474555969238,1.4394387001477105,14,Cora,adaptive,0.3,17,hybrid_l050
0.8349633251833741,0.8157979367697925,1.5737838745117188,1.0,14,Cora,fixed_wmc,1.0,18,no_overlap
0.8497822931785196,0.8419953028069012,1.6719894409179688,1.6864844903988183,14,Cora,fixed_wmc,0.1,18,WMC_0.10
0.8480594549958712,0.8236139080078527,1.857300043106079,1.4841211225997046,14,Cora,fixed_wmc,0.2,18,WMC_0.20
0.8428571428571429,0.8224474517850968,1.6535086631774902,1.3714918759231904,14,Cora,fixed_wmc,0.3,18,WMC_0.30
0.8609523809523809,0.849881064731899,1.6478824615478516,1.286189069423929,14,Cora,fixed_wmc,0.4,18,WMC_0.40
0.837,0.8231394601694321,1.622389554977417,1.223042836041359,14,Cora,fixed_wmc,0.5,18,WMC_0.50
0.8373702422145328,0.8075497958047311,1.6759142875671387,1.413589364844904,14,Cora,adaptive,0.3,18,entropy_l050
0.84412265758092,0.808520110082305,1.667053461074829,1.4361152141802067,14,Cora,adaptive,0.3,18,margin_l050
0.8409863945578231,0.8176107617131458,1.8621625900268555,1.4394387001477105,14,Cora,adaptive,0.3,18,hybrid_l050
0.7726161369193154,0.7064662855079157,1.5690538883209229,1.0,14,Cora,fixed_wmc,1.0,19,no_overlap
0.8381712626995645,0.8127225474483037,1.6783580780029297,1.6864844903988183,14,Cora,fixed_wmc,0.1,19,WMC_0.10
0.8398018166804294,0.8265855966306555,1.636932134628296,1.4841211225997046,14,Cora,fixed_wmc,0.2,19,WMC_0.20
0.8223214285714285,0.7536309092235133,1.657818078994751,1.3714918759231904,14,Cora,fixed_wmc,0.3,19,WMC_0.30
0.84,0.8141550649726025,1.63572359085083,1.286189069423929,14,Cora,fixed_wmc,0.4,19,WMC_0.40
0.826,0.7772883077873239,1.7385900020599365,1.223042836041359,14,Cora,fixed_wmc,0.5,19,WMC_0.50
0.8373702422145328,0.8195657622293036,1.6721489429473877,1.413589364844904,14,Cora,adaptive,0.3,19,entropy_l050
0.8475298126064736,0.8299773170213113,1.685105323791504,1.4361152141802067,14,Cora,adaptive,0.3,19,margin_l050
0.8486394557823129,0.8301775216670056,1.7481305599212646,1.4394387001477105,14,Cora,adaptive,0.3,19,hybrid_l050
0.7208374875373879,0.6339210762957206,1.7123057842254639,1.0,12,CiteSeer,fixed_wmc,1.0,0,no_overlap
0.7334360554699538,0.6887258039116242,1.7971394062042236,1.2933573790201383,12,CiteSeer,fixed_wmc,0.1,0,WMC_0.10
0.7671009771986971,0.7217724419942356,1.5285468101501465,1.2257288848812744,12,CiteSeer,fixed_wmc,0.2,0,WMC_0.20
0.7374350086655113,0.6661965425690993,1.6445996761322021,1.1526901112113015,12,CiteSeer,fixed_wmc,0.3,0,WMC_0.30
0.7359855334538878,0.6672534678107799,1.6081197261810303,1.1018935978358881,12,CiteSeer,fixed_wmc,0.4,0,WMC_0.40
0.7276951672862454,0.6900036236456971,1.9783222675323486,1.0724376314998496,12,CiteSeer,fixed_wmc,0.5,0,WMC_0.50
0.7457627118644068,0.6985711253024562,2.098869800567627,1.175834084761046,12,CiteSeer,adaptive,0.3,0,entropy_l050
0.7481044650379107,0.7063765166820503,1.6942667961120605,1.1830477908025248,12,CiteSeer,adaptive,0.3,0,margin_l050
0.7394957983193278,0.6834291841277844,1.760483741760254,1.1869552149083258,12,CiteSeer,adaptive,0.3,0,hybrid_l050
0.7188434695912264,0.6695623299902046,1.4790279865264893,1.0,12,CiteSeer,fixed_wmc,1.0,1,no_overlap
0.7557781201848999,0.7120445933494254,1.5301425457000732,1.2933573790201383,12,CiteSeer,fixed_wmc,0.1,1,WMC_0.10
0.744299674267101,0.697689544741883,1.5151097774505615,1.2257288848812744,12,CiteSeer,fixed_wmc,0.2,1,WMC_0.20
0.7625649913344887,0.7209691328529916,1.4288294315338135,1.1526901112113015,12,CiteSeer,fixed_wmc,0.3,1,WMC_0.30
0.701627486437613,0.6578588996715559,1.3613159656524658,1.1018935978358881,12,CiteSeer,fixed_wmc,0.4,1,WMC_0.40
0.7276951672862454,0.6851275458405817,1.4395220279693604,1.0724376314998496,12,CiteSeer,fixed_wmc,0.5,1,WMC_0.50
0.7406779661016949,0.6979402851557536,1.4161899089813232,1.175834084761046,12,CiteSeer,adaptive,0.3,1,entropy_l050
0.7320977253580455,0.679559652937434,1.6994647979736328,1.1830477908025248,12,CiteSeer,adaptive,0.3,1,margin_l050
0.7428571428571429,0.7010699007531834,1.5252459049224854,1.1869552149083258,12,CiteSeer,adaptive,0.3,1,hybrid_l050
0.7178464606181456,0.6650132599382017,1.3386623859405518,1.0,12,CiteSeer,fixed_wmc,1.0,2,no_overlap
0.7503852080123267,0.714344799028427,1.4189577102661133,1.2933573790201383,12,CiteSeer,fixed_wmc,0.1,2,WMC_0.10
0.7320846905537459,0.6426045780139136,1.3791589736938477,1.2257288848812744,12,CiteSeer,fixed_wmc,0.2,2,WMC_0.20
0.744367417677643,0.7065968747093709,1.3276517391204834,1.1526901112113015,12,CiteSeer,fixed_wmc,0.3,2,WMC_0.30
0.7486437613019892,0.710184973884931,1.3424577713012695,1.1018935978358881,12,CiteSeer,fixed_wmc,0.4,2,WMC_0.40
0.7379182156133829,0.7010881012923527,1.4729835987091064,1.0724376314998496,12,CiteSeer,fixed_wmc,0.5,2,WMC_0.50
0.7406779661016949,0.7123632559049069,1.3987805843353271,1.175834084761046,12,CiteSeer,adaptive,0.3,2,entropy_l050
0.7481044650379107,0.71364302171049,1.3867957592010498,1.1830477908025248,12,CiteSeer,adaptive,0.3,2,margin_l050
0.7495798319327731,0.7008299134827608,1.423680067062378,1.1869552149083258,12,CiteSeer,adaptive,0.3,2,hybrid_l050
0.7228315054835494,0.6971640598236211,1.3606200218200684,1.0,12,CiteSeer,fixed_wmc,1.0,3,no_overlap
0.6956856702619415,0.6702034987356567,1.4248697757720947,1.2933573790201383,12,CiteSeer,fixed_wmc,0.1,3,WMC_0.10
0.7263843648208469,0.67799314228193,1.565145492553711,1.2257288848812744,12,CiteSeer,fixed_wmc,0.2,3,WMC_0.20
0.7478336221837089,0.6829184594800118,1.35843825340271,1.1526901112113015,12,CiteSeer,fixed_wmc,0.3,3,WMC_0.30
0.7332730560578662,0.7004303106038278,1.3374857902526855,1.1018935978358881,12,CiteSeer,fixed_wmc,0.4,3,WMC_0.40
0.733271375464684,0.6471188822815694,1.3599817752838135,1.0724376314998496,12,CiteSeer,fixed_wmc,0.5,3,WMC_0.50
0.7084745762711865,0.6352574835022246,1.4137918949127197,1.175834084761046,12,CiteSeer,adaptive,0.3,3,entropy_l050
0.7388374052232519,0.6822643374913248,1.4735052585601807,1.1830477908025248,12,CiteSeer,adaptive,0.3,3,margin_l050
0.7420168067226891,0.7052309814994001,1.7819952964782715,1.1869552149083258,12,CiteSeer,adaptive,0.3,3,hybrid_l050
0.6640079760717846,0.5921064320246612,1.3262197971343994,1.0,12,CiteSeer,fixed_wmc,1.0,4,no_overlap
0.736517719568567,0.6445910525463495,1.4410243034362793,1.2933573790201383,12,CiteSeer,fixed_wmc,0.1,4,WMC_0.10
0.7052117263843648,0.6130865516543808,1.3650953769683838,1.2257288848812744,12,CiteSeer,fixed_wmc,0.2,4,WMC_0.20
0.7504332755632582,0.6946445233964514,1.3401579856872559,1.1526901112113015,12,CiteSeer,fixed_wmc,0.3,4,WMC_0.30
0.7197106690777577,0.6514584523022545,1.3727576732635498,1.1018935978358881,12,CiteSeer,fixed_wmc,0.4,4,WMC_0.40
0.7611524163568774,0.7220680919695818,1.4556584358215332,1.0724376314998496,12,CiteSeer,fixed_wmc,0.5,4,WMC_0.50
0.752542372881356,0.7031193684959348,1.4079005718231201,1.175834084761046,12,CiteSeer,adaptive,0.3,4,entropy_l050
0.7624262847514743,0.7258910512500996,1.3662657737731934,1.1830477908025248,12,CiteSeer,adaptive,0.3,4,margin_l050
0.7529411764705882,0.7053258944867079,1.402613639831543,1.1869552149083258,12,CiteSeer,adaptive,0.3,4,hybrid_l050
0.7467597208374875,0.7153156482237807,1.351869821548462,1.0,12,CiteSeer,fixed_wmc,1.0,5,no_overlap
0.7419106317411402,0.6836745215559135,1.4329349994659424,1.2933573790201383,12,CiteSeer,fixed_wmc,0.1,5,WMC_0.10
0.7353420195439739,0.6677528564750782,1.3920848369598389,1.2257288848812744,12,CiteSeer,fixed_wmc,0.2,5,WMC_0.20
0.7218370883882149,0.6345538299976955,1.4669215679168701,1.1526901112113015,12,CiteSeer,fixed_wmc,0.3,5,WMC_0.30
0.7450271247739603,0.6746839756324842,1.4812638759613037,1.1018935978358881,12,CiteSeer,fixed_wmc,0.4,5,WMC_0.40
0.7276951672862454,0.6303287251674724,1.554955244064331,1.0724376314998496,12,CiteSeer,fixed_wmc,0.5,5,WMC_0.50
0.7322033898305085,0.6726193733832165,1.5221891403198242,1.175834084761046,12,CiteSeer,adaptive,0.3,5,entropy_l050
0.7346251053074979,0.6672962264005434,1.4452202320098877,1.1830477908025248,12,CiteSeer,adaptive,0.3,5,margin_l050
0.7336134453781512,0.6273065768816578,1.5403342247009277,1.1869552149083258,12,CiteSeer,adaptive,0.3,5,hybrid_l050
0.7218344965104686,0.6303072103210657,1.3317341804504395,1.0,12,CiteSeer,fixed_wmc,1.0,6,no_overlap
0.7611710323574731,0.704455976200955,1.3735792636871338,1.2933573790201383,12,CiteSeer,fixed_wmc,0.1,6,WMC_0.10
0.7206840390879479,0.6479516761613399,1.4186897277832031,1.2257288848812744,12,CiteSeer,fixed_wmc,0.2,6,WMC_0.20
0.7512998266897747,0.6525197140015414,1.3355698585510254,1.1526901112113015,12,CiteSeer,fixed_wmc,0.3,6,WMC_0.30
0.7567811934900542,0.6995666224766935,1.379671335220337,1.1018935978358881,12,CiteSeer,fixed_wmc,0.4,6,WMC_0.40
0.7304832713754646,0.660866050914045,1.4583556652069092,1.0724376314998496,12,CiteSeer,fixed_wmc,0.5,6,WMC_0.50
0.7449152542372881,0.675339849281087,1.3766582012176514,1.175834084761046,12,CiteSeer,adaptive,0.3,6,entropy_l050
0.7523167649536647,0.6813058107340573,1.3810696601867676,1.1830477908025248,12,CiteSeer,adaptive,0.3,6,margin_l050
0.7453781512605042,0.6959294292025743,1.405057668685913,1.1869552149083258,12,CiteSeer,adaptive,0.3,6,hybrid_l050
0.6949152542372882,0.6637629826388559,1.3316786289215088,1.0,12,CiteSeer,fixed_wmc,1.0,7,no_overlap
0.7465331278890601,0.7052466844425624,1.387528419494629,1.2933573790201383,12,CiteSeer,fixed_wmc,0.1,7,WMC_0.10
0.7035830618892508,0.6752769616745643,1.4642527103424072,1.2257288848812744,12,CiteSeer,fixed_wmc,0.2,7,WMC_0.20
0.7478336221837089,0.708601376747063,1.3549058437347412,1.1526901112113015,12,CiteSeer,fixed_wmc,0.3,7,WMC_0.30
0.7197106690777577,0.6439494791277618,1.377124547958374,1.1018935978358881,12,CiteSeer,fixed_wmc,0.4,7,WMC_0.40
0.75,0.714209757398764,1.3032424449920654,1.0724376314998496,12,CiteSeer,fixed_wmc,0.5,7,WMC_0.50
0.7491525423728813,0.7103680612805028,1.424774408340454,1.175834084761046,12,CiteSeer,adaptive,0.3,7,entropy_l050
0.7379949452401011,0.702029941492048,1.4680883884429932,1.1830477908025248,12,CiteSeer,adaptive,0.3,7,margin_l050
0.7445378151260504,0.7056101133995955,1.4373161792755127,1.1869552149083258,12,CiteSeer,adaptive,0.3,7,hybrid_l050
0.711864406779661,0.6565126850627903,1.3338184356689453,1.0,12,CiteSeer,fixed_wmc,1.0,8,no_overlap
0.7619414483821263,0.7118415662824099,1.6388061046600342,1.2933573790201383,12,CiteSeer,fixed_wmc,0.1,8,WMC_0.10
0.7263843648208469,0.640853422684254,1.5185258388519287,1.2257288848812744,12,CiteSeer,fixed_wmc,0.2,8,WMC_0.20
0.7435008665511266,0.7049446909786442,1.5073294639587402,1.1526901112113015,12,CiteSeer,fixed_wmc,0.3,8,WMC_0.30
0.7450271247739603,0.7089453397420362,2.1975438594818115,1.1018935978358881,12,CiteSeer,fixed_wmc,0.4,8,WMC_0.40
0.7351301115241635,0.702280972230719,1.6028146743774414,1.0724376314998496,12,CiteSeer,fixed_wmc,0.5,8,WMC_0.50
0.7364406779661017,0.6854229388811636,1.598280429840088,1.175834084761046,12,CiteSeer,adaptive,0.3,8,entropy_l050
0.7607413647851727,0.7138119838757114,1.6136150360107422,1.1830477908025248,12,CiteSeer,adaptive,0.3,8,margin_l050
0.7352941176470589,0.7000316956501336,1.71875,1.1869552149083258,12,CiteSeer,adaptive,0.3,8,hybrid_l050
0.6929212362911267,0.6443682229410014,1.5755274295806885,1.0,12,CiteSeer,fixed_wmc,1.0,9,no_overlap
0.7496147919876733,0.7138806182077394,1.7037019729614258,1.2933573790201383,12,CiteSeer,fixed_wmc,0.1,9,WMC_0.10
0.7638436482084691,0.719323349490521,1.5307025909423828,1.2257288848812744,12,CiteSeer,fixed_wmc,0.2,9,WMC_0.20
0.7651646447140381,0.7227264610395109,1.659456491470337,1.1526901112113015,12,CiteSeer,fixed_wmc,0.3,9,WMC_0.30
0.7115732368896925,0.6479429947781911,1.509584665298462,1.1018935978358881,12,CiteSeer,fixed_wmc,0.4,9,WMC_0.40
0.7434944237918215,0.7022251106467583,1.5985383987426758,1.0724376314998496,12,CiteSeer,fixed_wmc,0.5,9,WMC_0.50
0.747457627118644,0.6705432587162902,1.6904263496398926,1.175834084761046,12,CiteSeer,adaptive,0.3,9,entropy_l050
0.7379949452401011,0.6573620838457104,1.718773603439331,1.1830477908025248,12,CiteSeer,adaptive,0.3,9,margin_l050
0.7319327731092437,0.6955023807590667,2.1274187564849854,1.1869552149083258,12,CiteSeer,adaptive,0.3,9,hybrid_l050
0.5702891326021934,0.4433619460678422,1.4909343719482422,1.0,12,CiteSeer,fixed_wmc,1.0,10,no_overlap
0.7234206471494607,0.6287245536816063,1.519850254058838,1.2933573790201383,12,CiteSeer,fixed_wmc,0.1,10,WMC_0.10
0.6913680781758957,0.6002861631569547,1.5097038745880127,1.2257288848812744,12,CiteSeer,fixed_wmc,0.2,10,WMC_0.20
0.7409012131715771,0.6390617252457647,1.4669146537780762,1.1526901112113015,12,CiteSeer,fixed_wmc,0.3,10,WMC_0.30
0.5723327305605787,0.44569213073174296,2.6104917526245117,1.1018935978358881,12,CiteSeer,fixed_wmc,0.4,10,WMC_0.40
0.7267657992565055,0.696138077387852,2.0943329334259033,1.0724376314998496,12,CiteSeer,fixed_wmc,0.5,10,WMC_0.50
0.7423728813559322,0.6405439408792091,1.4977025985717773,1.175834084761046,12,CiteSeer,adaptive,0.3,10,entropy_l050
0.7245155855096883,0.6427889774936442,1.4792544841766357,1.1830477908025248,12,CiteSeer,adaptive,0.3,10,margin_l050
0.7294117647058823,0.6332044410652911,1.4583451747894287,1.1869552149083258,12,CiteSeer,adaptive,0.3,10,hybrid_l050
0.7308075772681955,0.6844179282863162,1.4453551769256592,1.0,12,CiteSeer,fixed_wmc,1.0,11,no_overlap
0.736517719568567,0.6376885188190753,1.3941590785980225,1.2933573790201383,12,CiteSeer,fixed_wmc,0.1,11,WMC_0.10
0.7353420195439739,0.6339653669466356,1.528254508972168,1.2257288848812744,12,CiteSeer,fixed_wmc,0.2,11,WMC_0.20
0.7218370883882149,0.6261607711979695,1.39200758934021,1.1526901112113015,12,CiteSeer,fixed_wmc,0.3,11,WMC_0.30
0.7323688969258589,0.6798818650952866,1.341350793838501,1.1018935978358881,12,CiteSeer,fixed_wmc,0.4,11,WMC_0.40
0.7574349442379182,0.6583775524304206,1.3764443397521973,1.0724376314998496,12,CiteSeer,fixed_wmc,0.5,11,WMC_0.50
0.6932203389830508,0.6042973760023344,1.6397900581359863,1.175834084761046,12,CiteSeer,adaptive,0.3,11,entropy_l050
0.7270429654591407,0.6306848673263943,1.5616393089294434,1.1830477908025248,12,CiteSeer,adaptive,0.3,11,margin_l050
0.7352941176470589,0.6925340636427496,1.4722528457641602,1.1869552149083258,12,CiteSeer,adaptive,0.3,11,hybrid_l050
0.752741774675972,0.7182913406525073,2.580437660217285,1.0,12,CiteSeer,fixed_wmc,1.0,12,no_overlap
0.7411402157164869,0.6920338319123717,2.4781222343444824,1.2933573790201383,12,CiteSeer,fixed_wmc,0.1,12,WMC_0.10
0.75,0.657654493337369,2.269522190093994,1.2257288848812744,12,CiteSeer,fixed_wmc,0.2,12,WMC_0.20
0.7313691507798961,0.6698817187562439,3.160924196243286,1.1526901112113015,12,CiteSeer,fixed_wmc,0.3,12,WMC_0.30
0.740506329113924,0.7032690581006688,2.234081983566284,1.1018935978358881,12,CiteSeer,fixed_wmc,0.4,12,WMC_0.40
0.7156133828996283,0.6793177269975442,2.1503186225891113,1.0724376314998496,12,CiteSeer,fixed_wmc,0.5,12,WMC_0.50
0.7288135593220338,0.7006984485881512,2.1738545894622803,1.175834084761046,12,CiteSeer,adaptive,0.3,12,entropy_l050
0.7405223251895535,0.6482712722609448,9.074873685836792,1.1830477908025248,12,CiteSeer,adaptive,0.3,12,margin_l050
0.7504201680672269,0.7048690876517045,4.796267747879028,1.1869552149083258,12,CiteSeer,adaptive,0.3,12,hybrid_l050
0.7477567298105683,0.6486774676870494,2.3449671268463135,1.0,12,CiteSeer,fixed_wmc,1.0,13,no_overlap
0.7395993836671803,0.6415131203472327,2.295839309692383,1.2933573790201383,12,CiteSeer,fixed_wmc,0.1,13,WMC_0.10
0.746742671009772,0.6437572724074236,2.368647813796997,1.2257288848812744,12,CiteSeer,fixed_wmc,0.2,13,WMC_0.20
0.7209705372616985,0.6281391796889354,2.3550662994384766,1.1526901112113015,12,CiteSeer,fixed_wmc,0.3,13,WMC_0.30
0.7332730560578662,0.637962711709159,2.4577407836914062,1.1018935978358881,12,CiteSeer,fixed_wmc,0.4,13,WMC_0.40
0.7295539033457249,0.6340867191838363,2.816117525100708,1.0724376314998496,12,CiteSeer,fixed_wmc,0.5,13,WMC_0.50
0.7483050847457627,0.647318948350194,3.094085216522217,1.175834084761046,12,CiteSeer,adaptive,0.3,13,entropy_l050
0.7270429654591407,0.6334690919588595,3.0980138778686523,1.1830477908025248,12,CiteSeer,adaptive,0.3,13,margin_l050
0.7277310924369748,0.6356201808877356,3.309082269668579,1.1869552149083258,12,CiteSeer,adaptive,0.3,13,hybrid_l050
0.5563310069790628,0.4283331612964776,3.183286428451538,1.0,12,CiteSeer,fixed_wmc,1.0,14,no_overlap
0.524653312788906,0.36428934674831487,2.4495339393615723,1.2933573790201383,12,CiteSeer,fixed_wmc,0.1,14,WMC_0.10
0.6791530944625407,0.5815725584937611,1.8032176494598389,1.2257288848812744,12,CiteSeer,fixed_wmc,0.2,14,WMC_0.20
0.6187175043327556,0.5192622125810723,2.158360004425049,1.1526901112113015,12,CiteSeer,fixed_wmc,0.3,14,WMC_0.30
0.5298372513562387,0.3883297710184748,2.6889162063598633,1.1018935978358881,12,CiteSeer,fixed_wmc,0.4,14,WMC_0.40
0.5901486988847584,0.5080855998271618,3.0046029090881348,1.0724376314998496,12,CiteSeer,fixed_wmc,0.5,14,WMC_0.50
0.5516949152542373,0.3926650122749167,2.3312625885009766,1.175834084761046,12,CiteSeer,adaptive,0.3,14,entropy_l050
0.6579612468407751,0.5570724185196273,2.0767061710357666,1.1830477908025248,12,CiteSeer,adaptive,0.3,14,margin_l050
0.5201680672268908,0.3813559387898274,2.2897608280181885,1.1869552149083258,12,CiteSeer,adaptive,0.3,14,hybrid_l050
0.7407776669990029,0.6686423106336661,2.7682578563690186,1.0,12,CiteSeer,fixed_wmc,1.0,15,no_overlap
0.7573189522342064,0.7125778083648524,2.168924570083618,1.2933573790201383,12,CiteSeer,fixed_wmc,0.1,15,WMC_0.10
0.7361563517915309,0.6959886966569496,1.6474146842956543,1.2257288848812744,12,CiteSeer,fixed_wmc,0.2,15,WMC_0.20
0.7512998266897747,0.698552938422872,1.5684332847595215,1.1526901112113015,12,CiteSeer,fixed_wmc,0.3,15,WMC_0.30
0.744122965641953,0.7011510286728271,1.679093599319458,1.1018935978358881,12,CiteSeer,fixed_wmc,0.4,15,WMC_0.40
0.716542750929368,0.6627633039137317,1.6842718124389648,1.0724376314998496,12,CiteSeer,fixed_wmc,0.5,15,WMC_0.50
0.7423728813559322,0.672057425941726,1.8881688117980957,1.175834084761046,12,CiteSeer,adaptive,0.3,15,entropy_l050
0.7304128053917439,0.6774262326684791,1.6541857719421387,1.1830477908025248,12,CiteSeer,adaptive,0.3,15,margin_l050
0.7521008403361344,0.700140944468179,1.754056692123413,1.1869552149083258,12,CiteSeer,adaptive,0.3,15,hybrid_l050
0.7357926221335992,0.6876316294343403,1.5848071575164795,1.0,12,CiteSeer,fixed_wmc,1.0,16,no_overlap
0.763482280431433,0.7267257879502965,1.617459774017334,1.2933573790201383,12,CiteSeer,fixed_wmc,0.1,16,WMC_0.10
0.744299674267101,0.7120880009555863,1.7136693000793457,1.2257288848812744,12,CiteSeer,fixed_wmc,0.2,16,WMC_0.20
0.7452339688041595,0.6848434185360898,1.6073598861694336,1.1526901112113015,12,CiteSeer,fixed_wmc,0.3,16,WMC_0.30
0.7432188065099458,0.6623048131774842,1.6430754661560059,1.1018935978358881,12,CiteSeer,fixed_wmc,0.4,16,WMC_0.40
0.7425650557620818,0.7151934961019335,1.669142484664917,1.0724376314998496,12,CiteSeer,fixed_wmc,0.5,16,WMC_0.50
0.7449152542372881,0.6987425989286927,1.6021461486816406,1.175834084761046,12,CiteSeer,adaptive,0.3,16,entropy_l050
0.7481044650379107,0.7134128285499036,1.712052822113037,1.1830477908025248,12,CiteSeer,adaptive,0.3,16,margin_l050
0.7563025210084033,0.7229503230999043,1.7463164329528809,1.1869552149083258,12,CiteSeer,adaptive,0.3,16,hybrid_l050
0.6899302093718843,0.6503668368888429,1.6187472343444824,1.0,12,CiteSeer,fixed_wmc,1.0,17,no_overlap
0.726502311248074,0.6770474018737326,1.6489758491516113,1.2933573790201383,12,CiteSeer,fixed_wmc,0.1,17,WMC_0.10
0.7190553745928339,0.6640849607707827,1.5411467552185059,1.2257288848812744,12,CiteSeer,fixed_wmc,0.2,17,WMC_0.20
0.7461005199306759,0.6962537755064729,1.8573529720306396,1.1526901112113015,12,CiteSeer,fixed_wmc,0.3,17,WMC_0.30
0.7685352622061483,0.7205511679332567,1.8037171363830566,1.1018935978358881,12,CiteSeer,fixed_wmc,0.4,17,WMC_0.40
0.6830855018587361,0.6443884873810525,1.5036101341247559,1.0724376314998496,12,CiteSeer,fixed_wmc,0.5,17,WMC_0.50
0.7042372881355933,0.6175360270161583,1.6789331436157227,1.175834084761046,12,CiteSeer,adaptive,0.3,17,entropy_l050
0.7405223251895535,0.6655146272033914,1.4983625411987305,1.1830477908025248,12,CiteSeer,adaptive,0.3,17,margin_l050
0.726890756302521,0.6470796500256788,1.6991915702819824,1.1869552149083258,12,CiteSeer,adaptive,0.3,17,hybrid_l050
0.7417746759720838,0.6923988259811126,1.4682607650756836,1.0,12,CiteSeer,fixed_wmc,1.0,18,no_overlap
0.74884437596302,0.7119626487875887,1.8632361888885498,1.2933573790201383,12,CiteSeer,fixed_wmc,0.1,18,WMC_0.10
0.7752442996742671,0.7294733329986479,1.690638780593872,1.2257288848812744,12,CiteSeer,fixed_wmc,0.2,18,WMC_0.20
0.7383015597920277,0.6999898343936001,1.7866005897521973,1.1526901112113015,12,CiteSeer,fixed_wmc,0.3,18,WMC_0.30
0.7477396021699819,0.713146336230237,1.5712358951568604,1.1018935978358881,12,CiteSeer,fixed_wmc,0.4,18,WMC_0.40
0.7379182156133829,0.7053602240437904,1.4477148056030273,1.0724376314998496,12,CiteSeer,fixed_wmc,0.5,18,WMC_0.50
0.7567796610169492,0.7208920881729884,1.7120473384857178,1.175834084761046,12,CiteSeer,adaptive,0.3,18,entropy_l050
0.7278854254422915,0.6860094517188933,1.848545789718628,1.1830477908025248,12,CiteSeer,adaptive,0.3,18,margin_l050
0.7470588235294118,0.7087200230704115,1.7342817783355713,1.1869552149083258,12,CiteSeer,adaptive,0.3,18,hybrid_l050
0.7138584247258225,0.6608489251958644,1.5942304134368896,1.0,12,CiteSeer,fixed_wmc,1.0,19,no_overlap
0.7411402157164869,0.663919512285648,1.8092231750488281,1.2933573790201383,12,CiteSeer,fixed_wmc,0.1,19,WMC_0.10
0.745114006514658,0.6871853208757774,1.7715787887573242,1.2257288848812744,12,CiteSeer,fixed_wmc,0.2,19,WMC_0.20
0.7313691507798961,0.6923376039538555,1.6892509460449219,1.1526901112113015,12,CiteSeer,fixed_wmc,0.3,19,WMC_0.30
0.7368896925858951,0.7095144005856518,1.76029372215271,1.1018935978358881,12,CiteSeer,fixed_wmc,0.4,19,WMC_0.40
0.7797397769516728,0.7489323597276026,1.7716646194458008,1.0724376314998496,12,CiteSeer,fixed_wmc,0.5,19,WMC_0.50
0.7338983050847457,0.6439247708890118,1.7700550556182861,1.175834084761046,12,CiteSeer,adaptive,0.3,19,entropy_l050
0.7430497051390059,0.6976157935885364,1.7888171672821045,1.1830477908025248,12,CiteSeer,adaptive,0.3,19,margin_l050
0.7142857142857143,0.6190102025750542,1.5756433010101318,1.1869552149083258,12,CiteSeer,adaptive,0.3,19,hybrid_l050
0.4055424129773572,0.19235393123346958,1.3916988372802734,1.0,6,PubMed,fixed_wmc,1.0,0,no_overlap
0.5638066948474809,0.45113840247016723,2.1207995414733887,1.479484708627073,6,PubMed,fixed_wmc,0.1,0,WMC_0.10
0.5642086782041635,0.45591862733798266,2.1154515743255615,1.34756808845159,6,PubMed,fixed_wmc,0.2,0,WMC_0.20
0.5479049906591941,0.43868692263161974,1.9292280673980713,1.2664198407465639,6,PubMed,fixed_wmc,0.3,0,WMC_0.30
0.5552928084573654,0.4505597510364476,1.8626556396484375,1.2148399857990566,6,PubMed,fixed_wmc,0.4,0,WMC_0.40
0.5310709563684443,0.4280482453395082,1.9359145164489746,1.1505299994928235,6,PubMed,fixed_wmc,0.5,0,WMC_0.50
0.560770623222136,0.4528066302162032,2.1904678344726562,1.3069432469442612,6,PubMed,adaptive,0.3,0,entropy_l050
0.5585133744855967,0.448723585677473,2.0093493461608887,1.3141451539280824,6,PubMed,adaptive,0.3,0,margin_l050
0.5589329229190715,0.45141521764888415,2.564765453338623,1.3177968250748084,6,PubMed,adaptive,0.3,0,hybrid_l050
0.39878337276106796,0.1900620117580736,1.5121943950653076,1.0,6,PubMed,fixed_wmc,1.0,1,no_overlap
0.5526105335313607,0.4406318139552119,2.0047109127044678,1.479484708627073,6,PubMed,fixed_wmc,0.1,1,WMC_0.10
0.5347378981690494,0.434494405490553,2.031801700592041,1.34756808845159,6,PubMed,fixed_wmc,0.2,1,WMC_0.20
0.42540699226047507,0.24490486227230324,1.8524463176727295,1.2664198407465639,6,PubMed,fixed_wmc,0.3,1,WMC_0.30
0.5316455696202531,0.42564746644045154,1.8514516353607178,1.2148399857990566,6,PubMed,fixed_wmc,0.4,1,WMC_0.40
0.40282062582635525,0.19534372387738339,1.824967384338379,1.1505299994928235,6,PubMed,fixed_wmc,0.5,1,WMC_0.50
0.4668994052236876,0.327608144191301,2.4225289821624756,1.3069432469442612,6,PubMed,adaptive,0.3,1,entropy_l050
0.43968621399176955,0.26178670581947827,2.0729451179504395,1.3141451539280824,6,PubMed,adaptive,0.3,1,margin_l050
0.5344363216621778,0.4507613756574669,2.4563183784484863,1.3177968250748084,6,PubMed,adaptive,0.3,1,hybrid_l050
0.7789793849273403,0.7735887211671567,1.560511589050293,1.0,6,PubMed,fixed_wmc,1.0,2,no_overlap
0.8081800525534103,0.8034259784010535,2.093318462371826,1.479484708627073,6,PubMed,fixed_wmc,0.1,2,WMC_0.10
0.8108853774767996,0.8071234189847338,2.0424864292144775,1.34756808845159,6,PubMed,fixed_wmc,0.2,2,WMC_0.20
0.8099813183880438,0.8053566695058693,1.85872220993042,1.2664198407465639,6,PubMed,fixed_wmc,0.3,2,WMC_0.30
0.7811934900542495,0.7760937324099685,1.9702870845794678,1.2148399857990566,6,PubMed,fixed_wmc,0.4,2,WMC_0.40
0.7940355516380196,0.7880888178759,1.9476730823516846,1.1505299994928235,6,PubMed,fixed_wmc,0.5,2,WMC_0.50
0.7971295577967417,0.7926533399747822,2.411210060119629,1.3069432469442612,6,PubMed,adaptive,0.3,2,entropy_l050
0.803369341563786,0.7985811966601967,2.0383362770080566,1.3141451539280824,6,PubMed,adaptive,0.3,2,margin_l050
0.8045402077722201,0.8004529117530303,2.375354528427124,1.3177968250748084,6,PubMed,adaptive,0.3,2,hybrid_l050
0.5422440013518081,0.4616046617247458,1.4853472709655762,1.0,6,PubMed,fixed_wmc,1.0,3,no_overlap
0.8229178567348338,0.8156280350919234,2.283752679824829,1.479484708627073,6,PubMed,fixed_wmc,0.1,3,WMC_0.10
0.8155254577376474,0.8112006722207804,1.914276123046875,1.34756808845159,6,PubMed,fixed_wmc,0.2,3,WMC_0.20
0.6354416866826795,0.6092315893367078,2.0506980419158936,1.2664198407465639,6,PubMed,fixed_wmc,0.3,3,WMC_0.30
0.5929892891918208,0.5267248688788873,1.8702704906463623,1.2148399857990566,6,PubMed,fixed_wmc,0.4,3,WMC_0.40
0.8022623769648891,0.7979115858490563,1.807401180267334,1.1505299994928235,6,PubMed,fixed_wmc,0.5,3,WMC_0.50
0.7810964572019653,0.7761900308177005,2.488140344619751,1.3069432469442612,6,PubMed,adaptive,0.3,3,entropy_l050
0.8023405349794238,0.7971725615136057,2.0361328125,1.3141451539280824,6,PubMed,adaptive,0.3,3,margin_l050
0.7941515967679876,0.789531472773727,2.437127113342285,1.3177968250748084,6,PubMed,adaptive,0.3,3,hybrid_l050
0.7487326799594458,0.7484606669378757,1.4214658737182617,1.0,6,PubMed,fixed_wmc,1.0,4,no_overlap
0.6821661144750372,0.6595835930854553,2.293111562728882,1.479484708627073,6,PubMed,fixed_wmc,0.1,4,WMC_0.10
0.7185854025583145,0.7080807444997764,1.986475944519043,1.34756808845159,6,PubMed,fixed_wmc,0.2,4,WMC_0.20
0.7651454496930878,0.7619503254859659,2.1267905235290527,1.2664198407465639,6,PubMed,fixed_wmc,0.3,4,WMC_0.30
0.6190012519126443,0.5793829059998714,1.951807975769043,1.2148399857990566,6,PubMed,fixed_wmc,0.4,4,WMC_0.40
0.7621566034964008,0.7557477433018732,1.938446044921875,1.1505299994928235,6,PubMed,fixed_wmc,0.5,4,WMC_0.50
0.5662011895526248,0.48443550426666954,2.2867507934570312,1.3069432469442612,6,PubMed,adaptive,0.3,4,entropy_l050
0.6616512345679012,0.6300093839005997,2.059480905532837,1.3141451539280824,6,PubMed,adaptive,0.3,4,margin_l050
0.7129665255867641,0.7033988004190653,2.4842426776885986,1.3177968250748084,6,PubMed,adaptive,0.3,4,hybrid_l050
0.393714092598851,0.18832848367280955,1.3801209926605225,1.0,6,PubMed,fixed_wmc,1.0,5,no_overlap
0.42065577516280134,0.21597652007533966,2.2127456665039062,1.479484708627073,6,PubMed,fixed_wmc,0.1,5,WMC_0.10
0.5210684725357412,0.42418089645973334,2.1780107021331787,1.34756808845159,6,PubMed,fixed_wmc,0.2,5,WMC_0.20
0.5064051240992794,0.4167357824590144,2.0035629272460938,1.2664198407465639,6,PubMed,fixed_wmc,0.3,5,WMC_0.30
0.5543190986228961,0.4645415950617517,1.9589381217956543,1.2148399857990566,6,PubMed,fixed_wmc,0.4,5,WMC_0.40
0.419274276480094,0.196943035572577,2.8012914657592773,1.1505299994928235,6,PubMed,fixed_wmc,0.5,5,WMC_0.50
0.42487716576157225,0.2413101819105946,3.0644593238830566,1.3069432469442612,6,PubMed,adaptive,0.3,5,entropy_l050
0.42155349794238683,0.20177263777849322,2.31856632232666,1.3141451539280824,6,PubMed,adaptive,0.3,5,margin_l050
0.471976401179941,0.35309311081452605,2.532818078994751,1.3177968250748084,6,PubMed,adaptive,0.3,5,hybrid_l050
0.4043595809395066,0.21126819814348907,1.603724718093872,1.0,6,PubMed,fixed_wmc,1.0,6,no_overlap
0.5678053238889523,0.4960489418332874,2.2489700317382812,1.479484708627073,6,PubMed,fixed_wmc,0.1,6,WMC_0.10
0.5643340857787811,0.47663351688932626,1.9722774028778076,1.34756808845159,6,PubMed,fixed_wmc,0.2,6,WMC_0.20
0.5536429143314652,0.47123945440975046,2.3484935760498047,1.2664198407465639,6,PubMed,fixed_wmc,0.3,6,WMC_0.30
0.5612741688691055,0.47480969752263924,1.9922244548797607,1.2148399857990566,6,PubMed,fixed_wmc,0.4,6,WMC_0.40
0.5149111209049508,0.43677714817459695,2.118121385574341,1.1505299994928235,6,PubMed,fixed_wmc,0.5,6,WMC_0.50
0.5368502715283165,0.46475826442592316,2.513596773147583,1.3069432469442612,6,PubMed,adaptive,0.3,6,entropy_l050
0.5380658436213992,0.4627102235670673,2.2584903240203857,1.3141451539280824,6,PubMed,adaptive,0.3,6,margin_l050
0.5330255226369116,0.4517242826916316,2.6089999675750732,1.3177968250748084,6,PubMed,adaptive,0.3,6,hybrid_l050
0.5483271375464684,0.4599120880673559,1.5816869735717773,1.0,6,PubMed,fixed_wmc,1.0,7,no_overlap
0.5636924483034388,0.4761679544049711,2.2775559425354004,1.479484708627073,6,PubMed,fixed_wmc,0.1,7,WMC_0.10
0.554928517682468,0.47069840483106845,2.184296131134033,1.34756808845159,6,PubMed,fixed_wmc,0.2,7,WMC_0.20
0.548705631171604,0.4656555314242666,2.13059139251709,1.2664198407465639,6,PubMed,fixed_wmc,0.3,7,WMC_0.30
0.5465294199471414,0.4678581295759083,1.8577213287353516,1.2148399857990566,6,PubMed,fixed_wmc,0.4,7,WMC_0.40
0.542676656383135,0.45630377147539875,2.067190170288086,1.1505299994928235,6,PubMed,fixed_wmc,0.5,7,WMC_0.50
0.5576674424618567,0.47123652510480935,2.337097406387329,1.3069432469442612,6,PubMed,adaptive,0.3,7,entropy_l050
0.5659722222222222,0.4787469645938365,2.08599591255188,1.3141451539280824,6,PubMed,adaptive,0.3,7,margin_l050
0.550596383224317,0.4690678063220708,2.529311180114746,1.3177968250748084,6,PubMed,adaptive,0.3,7,hybrid_l050
0.770699560662386,0.7663210256778649,1.3355565071105957,1.0,6,PubMed,fixed_wmc,1.0,8,no_overlap
0.8066948474808637,0.8018566860164746,2.3398797512054443,1.479484708627073,6,PubMed,fixed_wmc,0.1,8,WMC_0.10
0.8023576624028091,0.7977246339973173,2.296618938446045,1.34756808845159,6,PubMed,fixed_wmc,0.2,8,WMC_0.20
0.6289031224979984,0.5896580513623378,2.111767053604126,1.2664198407465639,6,PubMed,fixed_wmc,0.3,8,WMC_0.30
0.7604673807205453,0.753362541270294,2.0674376487731934,1.2148399857990566,6,PubMed,fixed_wmc,0.4,8,WMC_0.40
0.7661231085647128,0.7599877660780429,1.8886630535125732,1.1505299994928235,6,PubMed,fixed_wmc,0.5,8,WMC_0.50
0.7945435738298423,0.7889498552772448,2.4751343727111816,1.3069432469442612,6,PubMed,adaptive,0.3,8,entropy_l050
0.7938528806584362,0.7899711127009756,2.549661159515381,1.3141451539280824,6,PubMed,adaptive,0.3,8,margin_l050
0.6525586764140053,0.6218896709496169,2.673813581466675,1.3177968250748084,6,PubMed,adaptive,0.3,8,hybrid_l050
0.4021628928692126,0.19121073351008275,1.4681620597839355,1.0,6,PubMed,fixed_wmc,1.0,9,no_overlap
0.42659659545298756,0.2349725057598494,2.4244184494018555,1.479484708627073,6,PubMed,fixed_wmc,0.1,9,WMC_0.10
0.5477802859292701,0.4350543408771257,2.057504653930664,1.34756808845159,6,PubMed,fixed_wmc,0.2,9,WMC_0.20
0.5194822524686415,0.4143065596737176,2.1319258213043213,1.2664198407465639,6,PubMed,fixed_wmc,0.3,9,WMC_0.30
0.4213381555153707,0.24349987832529177,1.9700751304626465,1.2148399857990566,6,PubMed,fixed_wmc,0.4,9,WMC_0.40
0.41516086381665934,0.19557770165057617,2.1265900135040283,1.1505299994928235,6,PubMed,fixed_wmc,0.5,9,WMC_0.50
0.5239203516938195,0.42677457964053694,2.269946813583374,1.3069432469442612,6,PubMed,adaptive,0.3,9,entropy_l050
0.5383230452674898,0.433640518986471,2.266960620880127,1.3141451539280824,6,PubMed,adaptive,0.3,9,margin_l050
0.40746440938822626,0.19374601592975418,2.6848156452178955,1.3177968250748084,6,PubMed,adaptive,0.3,9,hybrid_l050
0.4449138222372423,0.31730334033612895,1.6071372032165527,1.0,6,PubMed,fixed_wmc,1.0,10,no_overlap
0.7796184165428995,0.7761941221728758,2.161247730255127,1.479484708627073,6,PubMed,fixed_wmc,0.1,10,WMC_0.10
0.792199648858791,0.787673064272667,2.1514317989349365,1.34756808845159,6,PubMed,fixed_wmc,0.2,10,WMC_0.20
0.7590072057646117,0.7541875475554547,2.145555019378662,1.2664198407465639,6,PubMed,fixed_wmc,0.3,10,WMC_0.30
0.713312004451245,0.699726800669068,1.8740909099578857,1.2148399857990566,6,PubMed,fixed_wmc,0.4,10,WMC_0.40
0.7646540326134861,0.7616088326377639,2.0109012126922607,1.1505299994928235,6,PubMed,fixed_wmc,0.5,10,WMC_0.50
0.41065425394362554,0.19407271616254199,2.1821718215942383,1.3069432469442612,6,PubMed,adaptive,0.3,10,entropy_l050
0.7881944444444444,0.7869759778449822,2.0392637252807617,1.3141451539280824,6,PubMed,adaptive,0.3,10,margin_l050
0.7814544055405925,0.7788206322108656,2.557492733001709,1.3177968250748084,6,PubMed,adaptive,0.3,10,hybrid_l050
0.506590064210882,0.41876850694747175,1.4147355556488037,1.0,6,PubMed,fixed_wmc,1.0,11,no_overlap
0.6284702387752771,0.5938623569510805,2.450469493865967,1.479484708627073,6,PubMed,fixed_wmc,0.1,11,WMC_0.10
0.5777526962628543,0.5107379145042515,2.2682998180389404,1.34756808845159,6,PubMed,fixed_wmc,0.2,11,WMC_0.20
0.5604483586869495,0.47485636323125807,1.9722447395324707,1.2664198407465639,6,PubMed,fixed_wmc,0.3,11,WMC_0.30
0.5822784810126582,0.5299894935662668,1.935514211654663,1.2148399857990566,6,PubMed,fixed_wmc,0.4,11,WMC_0.40
0.5603055677978551,0.46626858671059473,1.818413257598877,1.1505299994928235,6,PubMed,fixed_wmc,0.5,11,WMC_0.50
0.5630980087923455,0.4726858692918204,2.455359935760498,1.3069432469442612,6,PubMed,adaptive,0.3,11,entropy_l050
0.5753600823045267,0.5084007824055662,2.6690123081207275,1.3141451539280824,6,PubMed,adaptive,0.3,11,margin_l050
0.561882775426446,0.4842365296538393,2.5996756553649902,1.3177968250748084,6,PubMed,adaptive,0.3,11,hybrid_l050
0.39574180466373776,0.1890234059725585,1.5580987930297852,1.0,6,PubMed,fixed_wmc,1.0,12,no_overlap
0.7822460870558665,0.7740944666602961,2.3635270595550537,1.479484708627073,6,PubMed,fixed_wmc,0.1,12,WMC_0.10
0.7328818660647103,0.7207159996377689,2.0411694049835205,1.34756808845159,6,PubMed,fixed_wmc,0.2,12,WMC_0.20
0.7365892714171337,0.726886498397821,2.0771048069000244,1.2664198407465639,6,PubMed,fixed_wmc,0.3,12,WMC_0.30
0.6640701071080818,0.6407134981492013,2.4462640285491943,1.2148399857990566,6,PubMed,fixed_wmc,0.4,12,WMC_0.40
0.6995739679741443,0.6854737850030276,2.4438986778259277,1.1505299994928235,6,PubMed,fixed_wmc,0.5,12,WMC_0.50
0.7209723299715541,0.708797091604222,2.5304055213928223,1.3069432469442612,6,PubMed,adaptive,0.3,12,entropy_l050
0.7133487654320988,0.6978557887289963,2.3770031929016113,1.3141451539280824,6,PubMed,adaptive,0.3,12,margin_l050
0.726946261382583,0.7127686813489018,2.848799228668213,1.3177968250748084,6,PubMed,adaptive,0.3,12,hybrid_l050
0.5390334572490706,0.46812213821004756,1.5528240203857422,1.0,6,PubMed,fixed_wmc,1.0,13,no_overlap
0.561407517422598,0.474345069035418,2.234035015106201,1.479484708627073,6,PubMed,fixed_wmc,0.1,13,WMC_0.10
0.5877853022322548,0.5333096173342015,2.4409306049346924,1.34756808845159,6,PubMed,fixed_wmc,0.2,13,WMC_0.20
0.5560448358686949,0.4608604662259122,2.4514970779418945,1.2664198407465639,6,PubMed,fixed_wmc,0.3,13,WMC_0.30
0.5577966337460009,0.4699230250791921,2.1378557682037354,1.2148399857990566,6,PubMed,fixed_wmc,0.4,13,WMC_0.40
0.5548699867783164,0.4582845457251701,2.2742466926574707,1.1505299994928235,6,PubMed,fixed_wmc,0.5,13,WMC_0.50
0.5601241272304112,0.46370753590183494,2.4856984615325928,1.3069432469442612,6,PubMed,adaptive,0.3,13,entropy_l050
0.566358024691358,0.4593256307474652,2.5979387760162354,1.3141451539280824,6,PubMed,adaptive,0.3,13,margin_l050
0.5635500833653969,0.46507249892377533,3.634558916091919,1.3177968250748084,6,PubMed,adaptive,0.3,13,hybrid_l050
0.4212571814802298,0.2635177533896553,1.722121238708496,1.0,6,PubMed,fixed_wmc,1.0,14,no_overlap
0.8226893636467497,0.8171930017310834,2.4443256855010986,1.479484708627073,6,PubMed,fixed_wmc,0.1,14,WMC_0.10
0.8233007273639328,0.8187958601357762,3.331444025039673,1.34756808845159,6,PubMed,fixed_wmc,0.2,14,WMC_0.20
0.5565785962103016,0.45980380461506126,2.313725709915161,1.2664198407465639,6,PubMed,fixed_wmc,0.3,14,WMC_0.30
0.5751843093615245,0.48907224699329604,2.1352086067199707,1.2148399857990566,6,PubMed,fixed_wmc,0.4,14,WMC_0.40
0.4289701777581901,0.2191749980860347,2.346158504486084,1.1505299994928235,6,PubMed,fixed_wmc,0.5,14,WMC_0.50
0.5555986552883372,0.4555819511940286,2.9167628288269043,1.3069432469442612,6,PubMed,adaptive,0.3,14,entropy_l050
0.553369341563786,0.46055720453571736,2.2941882610321045,1.3141451539280824,6,PubMed,adaptive,0.3,14,margin_l050
0.5844555598307041,0.5089446251081798,2.718363046646118,1.3177968250748084,6,PubMed,adaptive,0.3,14,hybrid_l050
0.4368029739776952,0.25924278094126385,1.4109537601470947,1.0,6,PubMed,fixed_wmc,1.0,15,no_overlap
0.4179138581057923,0.19649235892890715,2.348423957824707,1.479484708627073,6,PubMed,fixed_wmc,0.1,15,WMC_0.10
0.59255079006772,0.4827922486035252,2.2558765411376953,1.34756808845159,6,PubMed,fixed_wmc,0.2,15,WMC_0.20
0.5855350947424607,0.4647939619636136,3.085277795791626,1.2664198407465639,6,PubMed,fixed_wmc,0.3,15,WMC_0.30
0.40130755320628736,0.19092052147442262,2.3950648307800293,1.2148399857990566,6,PubMed,fixed_wmc,0.4,15,WMC_0.40
0.41031291317761126,0.19395833333333334,2.175344944000244,1.1505299994928235,6,PubMed,fixed_wmc,0.5,15,WMC_0.50
0.40405999482803207,0.19185314792645117,1.997209072113037,1.3069432469442612,6,PubMed,adaptive,0.3,15,entropy_l050
0.5744598765432098,0.45986379785761883,1.9014899730682373,1.3141451539280824,6,PubMed,adaptive,0.3,15,margin_l050
0.6198537899191997,0.4623634371530814,2.247805118560791,1.3177968250748084,6,PubMed,adaptive,0.3,15,hybrid_l050
0.8024670496789456,0.7815323296924451,1.3578574657440186,1.0,6,PubMed,fixed_wmc,1.0,16,no_overlap
0.8222323774705815,0.813456862438437,1.8873937129974365,1.479484708627073,6,PubMed,fixed_wmc,0.1,16,WMC_0.10
0.8201655379984951,0.8114644197054345,1.8817472457885742,1.34756808845159,6,PubMed,fixed_wmc,0.2,16,WMC_0.20
0.8186549239391513,0.8094735740540596,1.7666823863983154,1.2664198407465639,6,PubMed,fixed_wmc,0.3,16,WMC_0.30
0.825566838225066,0.8178488951912923,1.721372365951538,1.2148399857990566,6,PubMed,fixed_wmc,0.4,16,WMC_0.40
0.8153371529308066,0.8067673566502123,1.7144339084625244,1.1505299994928235,6,PubMed,fixed_wmc,0.5,16,WMC_0.50
0.817429531936902,0.8067927223288467,2.0959253311157227,1.3069432469442612,6,PubMed,adaptive,0.3,16,entropy_l050
0.8150720164609053,0.8065965405549823,1.8637809753417969,1.3141451539280824,6,PubMed,adaptive,0.3,16,margin_l050
0.8181351801975119,0.8076512009379262,2.2889251708984375,1.3177968250748084,6,PubMed,adaptive,0.3,16,hybrid_l050
0.5329503210544103,0.4545646555859357,1.2950439453125,1.0,6,PubMed,fixed_wmc,1.0,17,no_overlap
0.5684908031532047,0.4766621019630657,2.0977959632873535,1.479484708627073,6,PubMed,fixed_wmc,0.1,17,WMC_0.10
0.5500376222723853,0.4418986373854528,1.914055585861206,1.34756808845159,6,PubMed,fixed_wmc,0.2,17,WMC_0.20
0.5739258073125166,0.5110188081416368,1.7837300300598145,1.2664198407465639,6,PubMed,fixed_wmc,0.3,17,WMC_0.30
0.5137014883850327,0.3836902747454877,1.713451623916626,1.2148399857990566,6,PubMed,fixed_wmc,0.4,17,WMC_0.40
0.5315116791538123,0.42810429738019656,1.648472547531128,1.1505299994928235,6,PubMed,fixed_wmc,0.5,17,WMC_0.50
0.4935350400827515,0.38079390692137327,2.0900845527648926,1.3069432469442612,6,PubMed,adaptive,0.3,17,entropy_l050
0.5469393004115226,0.43674797557827283,1.9083893299102783,1.3141451539280824,6,PubMed,adaptive,0.3,17,margin_l050
0.5452096960369373,0.4368530712487628,2.254014730453491,1.3177968250748084,6,PubMed,adaptive,0.3,17,hybrid_l050
0.5490030415680973,0.47581877174240433,1.258500576019287,1.0,6,PubMed,fixed_wmc,1.0,18,no_overlap
0.8176625157088998,0.812933302114944,1.9998276233673096,1.479484708627073,6,PubMed,fixed_wmc,0.1,18,WMC_0.10
0.7664910960622021,0.7530723236569599,1.7261362075805664,1.34756808845159,6,PubMed,fixed_wmc,0.2,18,WMC_0.20
0.7542033626901521,0.7027752538486346,1.8142223358154297,1.2664198407465639,6,PubMed,fixed_wmc,0.3,18,WMC_0.30
0.6807622756989845,0.5115546555772246,1.6691603660583496,1.2148399857990566,6,PubMed,fixed_wmc,0.4,18,WMC_0.40
0.5567797855149111,0.47463565745407726,1.7242395877838135,1.1505299994928235,6,PubMed,fixed_wmc,0.5,18,WMC_0.50
0.6428756141711921,0.6258825544550551,1.9512815475463867,1.3069432469442612,6,PubMed,adaptive,0.3,18,entropy_l050
0.7602880658436214,0.7445338911703773,1.8176419734954834,1.3141451539280824,6,PubMed,adaptive,0.3,18,margin_l050
0.8067205335385405,0.8001382965270802,2.315457582473755,1.3177968250748084,6,PubMed,adaptive,0.3,18,hybrid_l050
0.4026698208854343,0.19138256434967674,1.4082133769989014,1.0,6,PubMed,fixed_wmc,1.0,19,no_overlap
0.42145550097109563,0.21690210268512747,1.929276704788208,1.479484708627073,6,PubMed,fixed_wmc,0.1,19,WMC_0.10
0.5383747178329571,0.4525392367794105,1.9715275764465332,1.34756808845159,6,PubMed,fixed_wmc,0.2,19,WMC_0.20
0.40659194021884176,0.1927078392309395,1.7664384841918945,1.2664198407465639,6,PubMed,fixed_wmc,0.3,19,WMC_0.30
0.4118792599805258,0.20255223142288947,1.659712791442871,1.2148399857990566,6,PubMed,fixed_wmc,0.4,19,WMC_0.40
0.41501395622153664,0.19552879291251382,1.9111809730529785,1.1505299994928235,6,PubMed,fixed_wmc,0.5,19,WMC_0.50
0.41220584432376517,0.19459195507538304,2.2836310863494873,1.3069432469442612,6,PubMed,adaptive,0.3,19,entropy_l050
0.5528549382716049,0.4673167567032806,1.9017345905303955,1.3141451539280824,6,PubMed,adaptive,0.3,19,margin_l050
0.40797742721559577,0.20055001820207097,3.121027946472168,1.3177968250748084,6,PubMed,adaptive,0.3,19,hybrid_l050
0.7823033707865169,0.7821138774242221,0.9112443923950195,1.0,6,ACM,fixed_wmc,1.0,0,no_overlap
0.8990476190476191,0.8969305598843725,0.9322628974914551,1.475666525603047,6,ACM,fixed_wmc,0.1,0,WMC_0.10
0.9311783107403545,0.9316620809567677,0.9535062313079834,1.3491324587388913,6,ACM,fixed_wmc,0.2,0,WMC_0.20
0.8811111111111111,0.8818811804225907,1.016622543334961,1.2644942869234024,6,ACM,fixed_wmc,0.3,0,WMC_0.30
0.8492990654205608,0.850418268490623,1.0394375324249268,1.2052475666525604,6,ACM,fixed_wmc,0.4,0,WMC_0.40
0.9351285189718482,0.9351580778322791,1.085871934890747,1.1493863732543377,6,ACM,fixed_wmc,0.5,0,WMC_0.50
0.9332615715823466,0.9337760646590931,1.0214934349060059,1.3055438002539146,6,ACM,adaptive,0.3,0,entropy_l050
0.774331550802139,0.7459085069498398,0.9325611591339111,1.3140076174354633,6,ACM,adaptive,0.3,0,margin_l050
0.8,0.7820990391722099,1.0070550441741943,1.323317816335167,6,ACM,adaptive,0.3,0,hybrid_l050
0.9185393258426966,0.9191103681986599,1.0252528190612793,1.0,6,ACM,fixed_wmc,1.0,1,no_overlap
0.9152380952380952,0.9150708183309929,0.946678638458252,1.475666525603047,6,ACM,fixed_wmc,0.1,1,WMC_0.10
0.9165797705943691,0.9185451824407217,1.049008846282959,1.3491324587388913,6,ACM,fixed_wmc,0.2,1,WMC_0.20
0.9211111111111111,0.9213150975199564,0.8933558464050293,1.2644942869234024,6,ACM,fixed_wmc,0.3,1,WMC_0.30
0.8983644859813084,0.900910330893991,0.9031960964202881,1.2052475666525604,6,ACM,fixed_wmc,0.4,1,WMC_0.40
0.8873929008567931,0.8839899359857042,0.9411337375640869,1.1493863732543377,6,ACM,fixed_wmc,0.5,1,WMC_0.50
0.9181916038751345,0.9198042554937728,0.9202229976654053,1.3055438002539146,6,ACM,adaptive,0.3,1,entropy_l050
0.9229946524064171,0.9242836103001607,0.937481164932251,1.3140076174354633,6,ACM,adaptive,0.3,1,margin_l050
0.9287234042553192,0.9304351729985897,0.967343807220459,1.323317816335167,6,ACM,adaptive,0.3,1,hybrid_l050
0.922752808988764,0.9203767235424571,0.9547297954559326,1.0,6,ACM,fixed_wmc,1.0,2,no_overlap
0.9076190476190477,0.9070241213551711,0.9469499588012695,1.475666525603047,6,ACM,fixed_wmc,0.1,2,WMC_0.10
0.7716371220020855,0.7503226514402103,0.9396939277648926,1.3491324587388913,6,ACM,fixed_wmc,0.2,2,WMC_0.20
0.9222222222222223,0.9235198871156375,0.910484790802002,1.2644942869234024,6,ACM,fixed_wmc,0.3,2,WMC_0.30
0.866822429906542,0.8663665891675373,0.902594804763794,1.2052475666525604,6,ACM,fixed_wmc,0.4,2,WMC_0.40
0.9265605875152999,0.925850402659487,0.9851164817810059,1.1493863732543377,6,ACM,fixed_wmc,0.5,2,WMC_0.50
0.9181916038751345,0.9182402837088176,0.9523751735687256,1.3055438002539146,6,ACM,adaptive,0.3,2,entropy_l050
0.93048128342246,0.9313837654597611,0.9070782661437988,1.3140076174354633,6,ACM,adaptive,0.3,2,margin_l050
0.9287234042553192,0.9281324029592405,0.9810299873352051,1.323317816335167,6,ACM,adaptive,0.3,2,hybrid_l050
0.9199438202247191,0.9214625781267628,0.9393887519836426,1.0,6,ACM,fixed_wmc,1.0,3,no_overlap
0.9085714285714286,0.909867159019402,1.136927604675293,1.475666525603047,6,ACM,fixed_wmc,0.1,3,WMC_0.10
0.9030239833159541,0.9046111660451506,1.192988634109497,1.3491324587388913,6,ACM,fixed_wmc,0.2,3,WMC_0.20
0.8433333333333334,0.8401493143429454,0.9757077693939209,1.2644942869234024,6,ACM,fixed_wmc,0.3,3,WMC_0.30
0.9065420560747663,0.9086094823217806,0.9353418350219727,1.2052475666525604,6,ACM,fixed_wmc,0.4,3,WMC_0.40
0.9265605875152999,0.9267676916820374,0.9500153064727783,1.1493863732543377,6,ACM,fixed_wmc,0.5,3,WMC_0.50
0.8815931108719053,0.8821840966614919,2.1861729621887207,1.3055438002539146,6,ACM,adaptive,0.3,3,entropy_l050
0.9219251336898395,0.9238510276757076,1.1469051837921143,1.3140076174354633,6,ACM,adaptive,0.3,3,margin_l050
0.8914893617021277,0.8935107792222531,1.3876183032989502,1.323317816335167,6,ACM,adaptive,0.3,3,hybrid_l050
0.9283707865168539,0.9281187480563498,1.0605719089508057,1.0,6,ACM,fixed_wmc,1.0,4,no_overlap
0.920952380952381,0.9201952627512967,1.0798671245574951,1.475666525603047,6,ACM,fixed_wmc,0.1,4,WMC_0.10
0.9301355578727841,0.9314748796354149,1.0559399127960205,1.3491324587388913,6,ACM,fixed_wmc,0.2,4,WMC_0.20
0.9333333333333333,0.9341864395386289,1.1175305843353271,1.2644942869234024,6,ACM,fixed_wmc,0.3,4,WMC_0.30
0.9170560747663551,0.91733298111952,1.1441128253936768,1.2052475666525604,6,ACM,fixed_wmc,0.4,4,WMC_0.40
0.9290085679314566,0.9292114310569745,1.0230121612548828,1.1493863732543377,6,ACM,fixed_wmc,0.5,4,WMC_0.50
0.9171151776103337,0.9182148758375518,0.8504025936126709,1.3055438002539146,6,ACM,adaptive,0.3,4,entropy_l050
0.9219251336898395,0.9234202866928668,0.8146791458129883,1.3140076174354633,6,ACM,adaptive,0.3,4,margin_l050
0.9234042553191489,0.9253347580026346,0.818251371383667,1.323317816335167,6,ACM,adaptive,0.3,4,hybrid_l050
0.9410112359550562,0.9394679208281224,0.6772139072418213,1.0,6,ACM,fixed_wmc,1.0,5,no_overlap
0.9371428571428572,0.9376905345341551,0.7096962928771973,1.475666525603047,6,ACM,fixed_wmc,0.1,5,WMC_0.10
0.9280500521376434,0.9273960755297793,0.7254033088684082,1.3491324587388913,6,ACM,fixed_wmc,0.2,5,WMC_0.20
0.9322222222222222,0.932226913788761,0.8675084114074707,1.2644942869234024,6,ACM,fixed_wmc,0.3,5,WMC_0.30
0.9334112149532711,0.9335829657590199,0.7004101276397705,1.2052475666525604,6,ACM,fixed_wmc,0.4,5,WMC_0.40
0.9326805385556916,0.9323279565449388,0.7506923675537109,1.1493863732543377,6,ACM,fixed_wmc,0.5,5,WMC_0.50
0.9268030139935415,0.9266461762763879,0.762059211730957,1.3055438002539146,6,ACM,adaptive,0.3,5,entropy_l050
0.9358288770053476,0.9360982246750682,0.7158682346343994,1.3140076174354633,6,ACM,adaptive,0.3,5,margin_l050
0.9117021276595745,0.9109216096856537,0.7323462963104248,1.323317816335167,6,ACM,adaptive,0.3,5,hybrid_l050
0.9171348314606742,0.9170113142980396,0.6864035129547119,1.0,6,ACM,fixed_wmc,1.0,6,no_overlap
0.9152380952380952,0.9182113259950683,0.8757152557373047,1.475666525603047,6,ACM,fixed_wmc,0.1,6,WMC_0.10
0.9051094890510949,0.9046753122233039,0.7258098125457764,1.3491324587388913,6,ACM,fixed_wmc,0.2,6,WMC_0.20
0.92,0.920352012215552,0.7439305782318115,1.2644942869234024,6,ACM,fixed_wmc,0.3,6,WMC_0.30
0.9287383177570093,0.9284010171905198,0.7869768142700195,1.2052475666525604,6,ACM,fixed_wmc,0.4,6,WMC_0.40
0.6438188494492044,0.5264495549724751,0.7643523216247559,1.1493863732543377,6,ACM,fixed_wmc,0.5,6,WMC_0.50
0.8772874058127018,0.876293112774623,0.8044865131378174,1.3055438002539146,6,ACM,adaptive,0.3,6,entropy_l050
0.9187165775401069,0.9194857477066641,0.8120574951171875,1.3140076174354633,6,ACM,adaptive,0.3,6,margin_l050
0.9287234042553192,0.9284259656745419,0.7283210754394531,1.323317816335167,6,ACM,adaptive,0.3,6,hybrid_l050
0.9382022471910112,0.9372953984641853,0.6251764297485352,1.0,6,ACM,fixed_wmc,1.0,7,no_overlap
0.7895238095238095,0.7770322163830983,0.7219865322113037,1.475666525603047,6,ACM,fixed_wmc,0.1,7,WMC_0.10
0.9249217935349322,0.9264062662461443,0.689624547958374,1.3491324587388913,6,ACM,fixed_wmc,0.2,7,WMC_0.20
0.7422222222222222,0.7429187211947118,0.7718486785888672,1.2644942869234024,6,ACM,fixed_wmc,0.3,7,WMC_0.30
0.9100467289719626,0.9072462802885112,0.7561120986938477,1.2052475666525604,6,ACM,fixed_wmc,0.4,7,WMC_0.40
0.6719706242350061,0.5866321987736889,0.7603094577789307,1.1493863732543377,6,ACM,fixed_wmc,0.5,7,WMC_0.50
0.6620021528525296,0.5448000682070083,0.7579820156097412,1.3055438002539146,6,ACM,adaptive,0.3,7,entropy_l050
0.9240641711229947,0.9242055295697679,0.7362651824951172,1.3140076174354633,6,ACM,adaptive,0.3,7,margin_l050
0.9329787234042554,0.9335103572183471,0.8316965103149414,1.323317816335167,6,ACM,adaptive,0.3,7,hybrid_l050
0.8609550561797753,0.866075429424944,0.8175919055938721,1.0,6,ACM,fixed_wmc,1.0,8,no_overlap
0.9266666666666666,0.9260732742869271,0.7015535831451416,1.475666525603047,6,ACM,fixed_wmc,0.1,8,WMC_0.10
0.9228362877997914,0.9233870808607652,0.6874887943267822,1.3491324587388913,6,ACM,fixed_wmc,0.2,8,WMC_0.20
0.8755555555555555,0.8718652374650532,0.715883731842041,1.2644942869234024,6,ACM,fixed_wmc,0.3,8,WMC_0.30
0.9170560747663551,0.9171467730844669,0.7539327144622803,1.2052475666525604,6,ACM,fixed_wmc,0.4,8,WMC_0.40
0.9326805385556916,0.9340197797754733,0.6519510746002197,1.1493863732543377,6,ACM,fixed_wmc,0.5,8,WMC_0.50
0.9149623250807319,0.9144833897395847,0.8645496368408203,1.3055438002539146,6,ACM,adaptive,0.3,8,entropy_l050
0.93048128342246,0.9313754778315158,0.7531402111053467,1.3140076174354633,6,ACM,adaptive,0.3,8,margin_l050
0.9372340425531915,0.938273961419088,0.7450847625732422,1.323317816335167,6,ACM,adaptive,0.3,8,hybrid_l050
0.9171348314606742,0.915797643907703,0.6285567283630371,1.0,6,ACM,fixed_wmc,1.0,9,no_overlap
0.6895238095238095,0.6090153554555723,0.7323207855224609,1.475666525603047,6,ACM,fixed_wmc,0.1,9,WMC_0.10
0.9290928050052137,0.9304551949589038,0.7234642505645752,1.3491324587388913,6,ACM,fixed_wmc,0.2,9,WMC_0.20
0.8911111111111111,0.8943784362804607,0.7735528945922852,1.2644942869234024,6,ACM,fixed_wmc,0.3,9,WMC_0.30
0.9158878504672897,0.9170460731849603,0.6960089206695557,1.2052475666525604,6,ACM,fixed_wmc,0.4,9,WMC_0.40
0.9204406364749081,0.9216897585490726,0.8391797542572021,1.1493863732543377,6,ACM,fixed_wmc,0.5,9,WMC_0.50
0.9311087190527448,0.9327059268702972,0.9384126663208008,1.3055438002539146,6,ACM,adaptive,0.3,9,entropy_l050
0.893048128342246,0.8926517530363604,0.7492437362670898,1.3140076174354633,6,ACM,adaptive,0.3,9,margin_l050
0.9212765957446809,0.9234395694818573,0.8364789485931396,1.323317816335167,6,ACM,adaptive,0.3,9,hybrid_l050
0.9213483146067416,0.9238039925028961,0.7331962585449219,1.0,6,ACM,fixed_wmc,1.0,10,no_overlap
0.9295238095238095,0.9301948670469665,0.855452299118042,1.475666525603047,6,ACM,fixed_wmc,0.1,10,WMC_0.10
0.9374348279457768,0.9387898982929377,0.9048783779144287,1.3491324587388913,6,ACM,fixed_wmc,0.2,10,WMC_0.20
0.9311111111111111,0.9327427298266008,0.9094085693359375,1.2644942869234024,6,ACM,fixed_wmc,0.3,10,WMC_0.30
0.919392523364486,0.9201427714884244,0.781641960144043,1.2052475666525604,6,ACM,fixed_wmc,0.4,10,WMC_0.40
0.9069767441860465,0.909218781452008,0.8952033519744873,1.1493863732543377,6,ACM,fixed_wmc,0.5,10,WMC_0.50
0.93756727664155,0.9383807098572655,0.9898786544799805,1.3055438002539146,6,ACM,adaptive,0.3,10,entropy_l050
0.9368983957219251,0.938157903314954,0.9121277332305908,1.3140076174354633,6,ACM,adaptive,0.3,10,margin_l050
0.9287234042553192,0.9296120861791776,0.841829776763916,1.323317816335167,6,ACM,adaptive,0.3,10,hybrid_l050
0.922752808988764,0.9217822555185151,0.7383265495300293,1.0,6,ACM,fixed_wmc,1.0,11,no_overlap
0.9295238095238095,0.9297887201893215,0.8557999134063721,1.475666525603047,6,ACM,fixed_wmc,0.1,11,WMC_0.10
0.9249217935349322,0.92568135452148,0.799952507019043,1.3491324587388913,6,ACM,fixed_wmc,0.2,11,WMC_0.20
0.9344444444444444,0.9354760588591434,0.8021414279937744,1.2644942869234024,6,ACM,fixed_wmc,0.3,11,WMC_0.30
0.9123831775700935,0.9126618347124742,0.878230094909668,1.2052475666525604,6,ACM,fixed_wmc,0.4,11,WMC_0.40
0.8164014687882497,0.7971884693203893,0.7781150341033936,1.1493863732543377,6,ACM,fixed_wmc,0.5,11,WMC_0.50
0.9246501614639397,0.9253045561684691,0.803624153137207,1.3055438002539146,6,ACM,adaptive,0.3,11,entropy_l050
0.9251336898395722,0.9257939504260283,0.7980136871337891,1.3140076174354633,6,ACM,adaptive,0.3,11,margin_l050
0.898936170212766,0.8996998428589085,0.8264191150665283,1.323317816335167,6,ACM,adaptive,0.3,11,hybrid_l050
0.9325842696629213,0.9312822936426102,0.743840217590332,1.0,6,ACM,fixed_wmc,1.0,12,no_overlap
0.9161904761904762,0.9165829003123767,0.83579421043396,1.475666525603047,6,ACM,fixed_wmc,0.1,12,WMC_0.10
0.4045881126173097,0.297049498889385,0.9081780910491943,1.3491324587388913,6,ACM,fixed_wmc,0.2,12,WMC_0.20
0.6766666666666666,0.6722004905741121,0.7926383018493652,1.2644942869234024,6,ACM,fixed_wmc,0.3,12,WMC_0.30
0.6834112149532711,0.6243912963782878,0.7874095439910889,1.2052475666525604,6,ACM,fixed_wmc,0.4,12,WMC_0.40
0.6487148102815178,0.5429227638219828,0.7882015705108643,1.1493863732543377,6,ACM,fixed_wmc,0.5,12,WMC_0.50
0.6770721205597416,0.6077542093093139,0.8086321353912354,1.3055438002539146,6,ACM,adaptive,0.3,12,entropy_l050
0.6459893048128342,0.5628545481491266,0.8332974910736084,1.3140076174354633,6,ACM,adaptive,0.3,12,margin_l050
0.6276595744680851,0.540107748696019,0.943828821182251,1.323317816335167,6,ACM,adaptive,0.3,12,hybrid_l050
0.9101123595505618,0.9089584407804204,0.7525899410247803,1.0,6,ACM,fixed_wmc,1.0,13,no_overlap
0.9333333333333333,0.9341186609231867,0.8009376525878906,1.475666525603047,6,ACM,fixed_wmc,0.1,13,WMC_0.10
0.9280500521376434,0.928485498627612,0.8111133575439453,1.3491324587388913,6,ACM,fixed_wmc,0.2,13,WMC_0.20
0.9311111111111111,0.9319818976900297,0.7768244743347168,1.2644942869234024,6,ACM,fixed_wmc,0.3,13,WMC_0.30
0.9369158878504673,0.9374844527363185,0.8908443450927734,1.2052475666525604,6,ACM,fixed_wmc,0.4,13,WMC_0.40
0.9241126070991432,0.9243378814807387,0.8076310157775879,1.1493863732543377,6,ACM,fixed_wmc,0.5,13,WMC_0.50
0.8277717976318623,0.8250562964449714,0.8925871849060059,1.3055438002539146,6,ACM,adaptive,0.3,13,entropy_l050
0.8962566844919786,0.8973496968368764,0.8520088195800781,1.3140076174354633,6,ACM,adaptive,0.3,13,margin_l050
0.8765957446808511,0.8789079463519259,0.8628039360046387,1.323317816335167,6,ACM,adaptive,0.3,13,hybrid_l050
0.9297752808988764,0.931395842397488,0.7072975635528564,1.0,6,ACM,fixed_wmc,1.0,14,no_overlap
0.920952380952381,0.9206865638466996,0.904578447341919,1.475666525603047,6,ACM,fixed_wmc,0.1,14,WMC_0.10
0.9186652763295099,0.9203630604849552,0.9832227230072021,1.3491324587388913,6,ACM,fixed_wmc,0.2,14,WMC_0.20
0.9222222222222223,0.9234688357157017,0.8305196762084961,1.2644942869234024,6,ACM,fixed_wmc,0.3,14,WMC_0.30
0.9123831775700935,0.9137720650976218,0.7870962619781494,1.2052475666525604,6,ACM,fixed_wmc,0.4,14,WMC_0.40
0.9094247246022031,0.9094767701775361,0.7789530754089355,1.1493863732543377,6,ACM,fixed_wmc,0.5,14,WMC_0.50
0.9149623250807319,0.9160680723473783,0.954686164855957,1.3055438002539146,6,ACM,adaptive,0.3,14,entropy_l050
0.9315508021390374,0.9325502037609859,0.9221858978271484,1.3140076174354633,6,ACM,adaptive,0.3,14,margin_l050
0.9212765957446809,0.9233282362577162,0.9815497398376465,1.323317816335167,6,ACM,adaptive,0.3,14,hybrid_l050
0.925561797752809,0.9233120044602628,0.8016092777252197,1.0,6,ACM,fixed_wmc,1.0,15,no_overlap
0.9133333333333333,0.9138802956119391,0.8285665512084961,1.475666525603047,6,ACM,fixed_wmc,0.1,15,WMC_0.10
0.9186652763295099,0.9196402644776267,0.8112735748291016,1.3491324587388913,6,ACM,fixed_wmc,0.2,15,WMC_0.20
0.8766666666666667,0.8759656108289304,0.8617720603942871,1.2644942869234024,6,ACM,fixed_wmc,0.3,15,WMC_0.30
0.9123831775700935,0.9120590723492046,0.7450013160705566,1.2052475666525604,6,ACM,fixed_wmc,0.4,15,WMC_0.40
0.9179926560587516,0.9171605766457714,0.7962329387664795,1.1493863732543377,6,ACM,fixed_wmc,0.5,15,WMC_0.50
0.9203444564047363,0.9217000238345882,0.88334059715271,1.3055438002539146,6,ACM,adaptive,0.3,15,entropy_l050
0.9347593582887701,0.935245807576541,0.7740235328674316,1.3140076174354633,6,ACM,adaptive,0.3,15,margin_l050
0.9212765957446809,0.9228962941920985,0.8156681060791016,1.323317816335167,6,ACM,adaptive,0.3,15,hybrid_l050
0.9115168539325843,0.9126100795496656,0.726128101348877,1.0,6,ACM,fixed_wmc,1.0,16,no_overlap
0.8485714285714285,0.8477125780283714,0.778024435043335,1.475666525603047,6,ACM,fixed_wmc,0.1,16,WMC_0.10
0.8550573514077163,0.8522035402985214,0.8206233978271484,1.3491324587388913,6,ACM,fixed_wmc,0.2,16,WMC_0.20
0.8922222222222222,0.892766827868997,1.0414233207702637,1.2644942869234024,6,ACM,fixed_wmc,0.3,16,WMC_0.30
0.6518691588785047,0.6001974890675695,0.9210593700408936,1.2052475666525604,6,ACM,fixed_wmc,0.4,16,WMC_0.40
0.8996328029375765,0.9004982748636515,1.002366065979004,1.1493863732543377,6,ACM,fixed_wmc,0.5,16,WMC_0.50
0.907427341227126,0.9072994423396293,0.8920497894287109,1.3055438002539146,6,ACM,adaptive,0.3,16,entropy_l050
0.9005347593582887,0.9001089830837574,0.8446066379547119,1.3140076174354633,6,ACM,adaptive,0.3,16,margin_l050
0.925531914893617,0.9254102049504348,0.9085886478424072,1.323317816335167,6,ACM,adaptive,0.3,16,hybrid_l050
0.8890449438202247,0.8909065346959023,0.8700342178344727,1.0,6,ACM,fixed_wmc,1.0,17,no_overlap
0.920952380952381,0.9201474320932421,0.793971061706543,1.475666525603047,6,ACM,fixed_wmc,0.1,17,WMC_0.10
0.9176225234619395,0.9171821472991056,0.695195198059082,1.3491324587388913,6,ACM,fixed_wmc,0.2,17,WMC_0.20
0.9155555555555556,0.9156169231929567,0.7967829704284668,1.2644942869234024,6,ACM,fixed_wmc,0.3,17,WMC_0.30
0.9240654205607477,0.92533510361339,0.6786031723022461,1.2052475666525604,6,ACM,fixed_wmc,0.4,17,WMC_0.40
0.9388004895960832,0.9387943856524524,0.6615273952484131,1.1493863732543377,6,ACM,fixed_wmc,0.5,17,WMC_0.50
0.8826695371367062,0.8792240023046937,0.8443877696990967,1.3055438002539146,6,ACM,adaptive,0.3,17,entropy_l050
0.9112299465240642,0.9113902391277174,0.7129626274108887,1.3140076174354633,6,ACM,adaptive,0.3,17,margin_l050
0.9297872340425531,0.929349988583692,0.79258131980896,1.323317816335167,6,ACM,adaptive,0.3,17,hybrid_l050
0.922752808988764,0.921614988833356,0.6838397979736328,1.0,6,ACM,fixed_wmc,1.0,18,no_overlap
0.7466666666666667,0.7165751290291168,0.7218313217163086,1.475666525603047,6,ACM,fixed_wmc,0.1,18,WMC_0.10
0.8383733055265902,0.8345795910899678,0.7279810905456543,1.3491324587388913,6,ACM,fixed_wmc,0.2,18,WMC_0.20
0.7711111111111111,0.7396179132973014,0.7710409164428711,1.2644942869234024,6,ACM,fixed_wmc,0.3,18,WMC_0.30
0.889018691588785,0.8832854090423478,0.8495197296142578,1.2052475666525604,6,ACM,fixed_wmc,0.4,18,WMC_0.40
0.7906976744186046,0.7798557915089718,0.9230072498321533,1.1493863732543377,6,ACM,fixed_wmc,0.5,18,WMC_0.50
0.8148546824542519,0.8099999715012588,0.8465480804443359,1.3055438002539146,6,ACM,adaptive,0.3,18,entropy_l050
0.9208556149732621,0.9209230164711976,0.8622837066650391,1.3140076174354633,6,ACM,adaptive,0.3,18,margin_l050
0.8436170212765958,0.8379311824309967,0.8412511348724365,1.323317816335167,6,ACM,adaptive,0.3,18,hybrid_l050
0.898876404494382,0.8993310702128455,0.8802099227905273,1.0,6,ACM,fixed_wmc,1.0,19,no_overlap
0.9314285714285714,0.9328539746172474,0.8144218921661377,1.475666525603047,6,ACM,fixed_wmc,0.1,19,WMC_0.10
0.9176225234619395,0.9186533709025265,0.6978893280029297,1.3491324587388913,6,ACM,fixed_wmc,0.2,19,WMC_0.20
0.8711111111111111,0.8720992699139152,1.4393446445465088,1.2644942869234024,6,ACM,fixed_wmc,0.3,19,WMC_0.30
0.9123831775700935,0.912674057021123,0.8971536159515381,1.2052475666525604,6,ACM,fixed_wmc,0.4,19,WMC_0.40
0.8678090575275398,0.8648786522533097,0.7904934883117676,1.1493863732543377,6,ACM,fixed_wmc,0.5,19,WMC_0.50
0.9354144241119483,0.9359991482994516,0.8953907489776611,1.3055438002539146,6,ACM,adaptive,0.3,19,entropy_l050
0.9090909090909091,0.9101694295911034,0.7416179180145264,1.3140076174354633,6,ACM,adaptive,0.3,19,margin_l050
0.9319148936170213,0.9326112020034593,0.7744901180267334,1.323317816335167,6,ACM,adaptive,0.3,19,hybrid_l050
0.8326947637292464,0.8199453595091121,1.4804744720458984,1.0,8,DBLP,fixed_wmc,1.0,0,no_overlap
0.8606060606060606,0.85204288823578,1.4624919891357422,1.4816673099189501,8,DBLP,fixed_wmc,0.1,0,WMC_0.10
0.8376068376068376,0.8253941179669128,0.938347578048706,1.348900038595137,8,DBLP,fixed_wmc,0.2,0,WMC_0.20
0.8639175257731959,0.8520124427087507,0.9860734939575195,1.2439212659204941,8,DBLP,fixed_wmc,0.3,0,WMC_0.30
0.8390191897654584,0.8290795485321885,0.8850111961364746,1.2041682747973754,8,DBLP,fixed_wmc,0.4,0,WMC_0.40
0.8510405257393209,0.835458873770242,0.8333067893981934,1.1709764569664223,8,DBLP,fixed_wmc,0.5,0,WMC_0.50
0.8620019436345967,0.8550762132583465,0.8811841011047363,1.3195677344654573,8,DBLP,adaptive,0.3,0,entropy_l050
0.8513513513513513,0.8415157679485932,0.8190865516662598,1.3284446159783867,8,DBLP,adaptive,0.3,0,margin_l050
0.8722382324687801,0.8664309786933465,0.855332612991333,1.3342338865302972,8,DBLP,adaptive,0.3,0,hybrid_l050
0.8314176245210728,0.8246551800381731,0.7754933834075928,1.0,8,DBLP,fixed_wmc,1.0,1,no_overlap
0.8536796536796537,0.843167397233087,0.8437893390655518,1.4816673099189501,8,DBLP,fixed_wmc,0.1,1,WMC_0.10
0.8366571699905033,0.8192687843997823,0.909174919128418,1.348900038595137,8,DBLP,fixed_wmc,0.2,1,WMC_0.20
0.8587628865979381,0.8512928024163953,0.8173871040344238,1.2439212659204941,8,DBLP,fixed_wmc,0.3,1,WMC_0.30
0.8624733475479744,0.8486249128255691,0.7960517406463623,1.2041682747973754,8,DBLP,fixed_wmc,0.4,1,WMC_0.40
0.8422782037239869,0.8283082100486487,0.8464469909667969,1.1709764569664223,8,DBLP,fixed_wmc,0.5,1,WMC_0.50
0.8250728862973761,0.8044706770432144,0.8707897663116455,1.3195677344654573,8,DBLP,adaptive,0.3,1,entropy_l050
0.8243243243243243,0.8123041845692618,0.831345796585083,1.3284446159783867,8,DBLP,adaptive,0.3,1,margin_l050
0.8751200768491835,0.8654185043266822,0.8668670654296875,1.3342338865302972,8,DBLP,adaptive,0.3,1,hybrid_l050
0.8314176245210728,0.8222935134317109,0.7735304832458496,1.0,8,DBLP,fixed_wmc,1.0,2,no_overlap
0.8493506493506493,0.8393313370529312,0.840792179107666,1.4816673099189501,8,DBLP,fixed_wmc,0.1,2,WMC_0.10
0.8689458689458689,0.8609870912358396,1.1352665424346924,1.348900038595137,8,DBLP,fixed_wmc,0.2,2,WMC_0.20
0.8195876288659794,0.8025404438132198,0.8321132659912109,1.2439212659204941,8,DBLP,fixed_wmc,0.3,2,WMC_0.30
0.8347547974413646,0.8221236342150618,1.3236324787139893,1.2041682747973754,8,DBLP,fixed_wmc,0.4,2,WMC_0.40
0.8608981380065718,0.8526694620023598,1.525017261505127,1.1709764569664223,8,DBLP,fixed_wmc,0.5,2,WMC_0.50
0.8542274052478134,0.8428634410381379,1.1904447078704834,1.3195677344654573,8,DBLP,adaptive,0.3,2,entropy_l050
0.8552123552123552,0.8407924264386596,1.208517074584961,1.3284446159783867,8,DBLP,adaptive,0.3,2,margin_l050
0.8712776176753122,0.8635745782938782,0.9569671154022217,1.3342338865302972,8,DBLP,adaptive,0.3,2,hybrid_l050
0.80970625798212,0.7981037763214138,0.9311766624450684,1.0,8,DBLP,fixed_wmc,1.0,3,no_overlap
0.8597402597402597,0.8501306632566914,2.4001359939575195,1.4816673099189501,8,DBLP,fixed_wmc,0.1,3,WMC_0.10
0.8300094966761633,0.8194866915944671,1.4020986557006836,1.348900038595137,8,DBLP,fixed_wmc,0.2,3,WMC_0.20
0.8041237113402062,0.7988370246576557,1.5024442672729492,1.2439212659204941,8,DBLP,fixed_wmc,0.3,3,WMC_0.30
0.8400852878464818,0.8325629910490395,1.3857336044311523,1.2041682747973754,8,DBLP,fixed_wmc,0.4,3,WMC_0.40
0.8576122672508215,0.8479880715632425,1.2849678993225098,1.1709764569664223,8,DBLP,fixed_wmc,0.5,3,WMC_0.50
0.8668610301263362,0.8590481781164103,1.2814805507659912,1.3195677344654573,8,DBLP,adaptive,0.3,3,entropy_l050
0.8532818532818532,0.8429644365201363,0.8513948917388916,1.3284446159783867,8,DBLP,adaptive,0.3,3,margin_l050
0.8568683957732949,0.8473523096774596,0.9412534236907959,1.3342338865302972,8,DBLP,adaptive,0.3,3,hybrid_l050
0.8288633461047255,0.8174010328539199,0.8823709487915039,1.0,8,DBLP,fixed_wmc,1.0,4,no_overlap
0.8519480519480519,0.8410840597275757,0.8657748699188232,1.4816673099189501,8,DBLP,fixed_wmc,0.1,4,WMC_0.10
0.8480531813865148,0.8371101440032632,0.9430956840515137,1.348900038595137,8,DBLP,fixed_wmc,0.2,4,WMC_0.20
0.8443298969072165,0.8371382303952966,1.0302157402038574,1.2439212659204941,8,DBLP,fixed_wmc,0.3,4,WMC_0.30
0.8443496801705757,0.838066748832226,0.9839446544647217,1.2041682747973754,8,DBLP,fixed_wmc,0.4,4,WMC_0.40
0.8543263964950711,0.8404201228584084,1.4132726192474365,1.1709764569664223,8,DBLP,fixed_wmc,0.5,4,WMC_0.50
0.8406219630709426,0.8322168372928453,1.1513457298278809,1.3195677344654573,8,DBLP,adaptive,0.3,4,entropy_l050
0.8638996138996139,0.8546253113030933,0.968440055847168,1.3284446159783867,8,DBLP,adaptive,0.3,4,margin_l050
0.8530259365994236,0.8369710558775458,0.8741419315338135,1.3342338865302972,8,DBLP,adaptive,0.3,4,hybrid_l050
0.8301404853128991,0.8224883016790531,0.7822067737579346,1.0,8,DBLP,fixed_wmc,1.0,5,no_overlap
0.8692640692640693,0.859554976277666,0.8666849136352539,1.4816673099189501,8,DBLP,fixed_wmc,0.1,5,WMC_0.10
0.8566001899335233,0.8477198481125133,0.9154055118560791,1.348900038595137,8,DBLP,fixed_wmc,0.2,5,WMC_0.20
0.8381443298969072,0.8286010768384597,1.0041656494140625,1.2439212659204941,8,DBLP,fixed_wmc,0.3,5,WMC_0.30
0.837953091684435,0.8249231927354862,0.9721994400024414,1.2041682747973754,8,DBLP,fixed_wmc,0.4,5,WMC_0.40
0.8576122672508215,0.8443690681495559,0.8792600631713867,1.1709764569664223,8,DBLP,fixed_wmc,0.5,5,WMC_0.50
0.8483965014577259,0.8332819204614901,0.8779737949371338,1.3195677344654573,8,DBLP,adaptive,0.3,5,entropy_l050
0.8494208494208494,0.8328882973182345,0.9309313297271729,1.3284446159783867,8,DBLP,adaptive,0.3,5,margin_l050
0.8751200768491835,0.8671508564555974,1.0133001804351807,1.3342338865302972,8,DBLP,adaptive,0.3,5,hybrid_l050
0.8403575989782887,0.8304882975849327,0.9062826633453369,1.0,8,DBLP,fixed_wmc,1.0,6,no_overlap
0.8597402597402597,0.8511461008655052,0.9325757026672363,1.4816673099189501,8,DBLP,fixed_wmc,0.1,6,WMC_0.10
0.8404558404558404,0.8234854808240939,0.9691417217254639,1.348900038595137,8,DBLP,fixed_wmc,0.2,6,WMC_0.20
0.8494845360824742,0.8446665387723109,1.184166431427002,1.2439212659204941,8,DBLP,fixed_wmc,0.3,6,WMC_0.30
0.8432835820895522,0.835692965671742,1.2345819473266602,1.2041682747973754,8,DBLP,fixed_wmc,0.4,6,WMC_0.40
0.8411829134720701,0.8345287239572919,1.3225200176239014,1.1709764569664223,8,DBLP,fixed_wmc,0.5,6,WMC_0.50
0.8542274052478134,0.8454909718754423,1.6274561882019043,1.3195677344654573,8,DBLP,adaptive,0.3,6,entropy_l050
0.8561776061776062,0.8451980460671049,1.230302095413208,1.3284446159783867,8,DBLP,adaptive,0.3,6,margin_l050
0.8482228626320846,0.8427578891290074,1.1468894481658936,1.3342338865302972,8,DBLP,adaptive,0.3,6,hybrid_l050
0.8403575989782887,0.8334370532559401,0.8778810501098633,1.0,8,DBLP,fixed_wmc,1.0,7,no_overlap
0.8623376623376623,0.8504021123912895,0.9206311702728271,1.4816673099189501,8,DBLP,fixed_wmc,0.1,7,WMC_0.10
0.8528015194681862,0.8438707230967832,1.0096545219421387,1.348900038595137,8,DBLP,fixed_wmc,0.2,7,WMC_0.20
0.8412371134020619,0.8279130360713353,0.8665506839752197,1.2439212659204941,8,DBLP,fixed_wmc,0.3,7,WMC_0.30
0.8422174840085288,0.8306010864744704,0.8794422149658203,1.2041682747973754,8,DBLP,fixed_wmc,0.4,7,WMC_0.40
0.8378970427163198,0.8240223072440223,0.8826878070831299,1.1709764569664223,8,DBLP,fixed_wmc,0.5,7,WMC_0.50
0.8610301263362488,0.8467542380431028,0.9149062633514404,1.3195677344654573,8,DBLP,adaptive,0.3,7,entropy_l050
0.8494208494208494,0.8361351010359687,1.029646396636963,1.3284446159783867,8,DBLP,adaptive,0.3,7,margin_l050
0.8655139289145053,0.8534908626015065,0.9451022148132324,1.3342338865302972,8,DBLP,adaptive,0.3,7,hybrid_l050
0.8684546615581098,0.8619449909449917,0.8358571529388428,1.0,8,DBLP,fixed_wmc,1.0,8,no_overlap
0.8536796536796537,0.837987178116809,0.8926804065704346,1.4816673099189501,8,DBLP,fixed_wmc,0.1,8,WMC_0.10
0.8499525166191833,0.834379377453847,0.9745838642120361,1.348900038595137,8,DBLP,fixed_wmc,0.2,8,WMC_0.20
0.8474226804123711,0.8291812692158399,0.8630666732788086,1.2439212659204941,8,DBLP,fixed_wmc,0.3,8,WMC_0.30
0.8464818763326226,0.8374896290009697,0.8969509601593018,1.2041682747973754,8,DBLP,fixed_wmc,0.4,8,WMC_0.40
0.8324205914567361,0.8198243355697716,0.8671269416809082,1.1709764569664223,8,DBLP,fixed_wmc,0.5,8,WMC_0.50
0.8532555879494655,0.8434180423903987,0.9143481254577637,1.3195677344654573,8,DBLP,adaptive,0.3,8,entropy_l050
0.8542471042471043,0.8422169288894943,1.008481502532959,1.3284446159783867,8,DBLP,adaptive,0.3,8,margin_l050
0.8607108549471661,0.853659045639196,0.943312406539917,1.3342338865302972,8,DBLP,adaptive,0.3,8,hybrid_l050
0.822477650063857,0.8171325918651009,0.8477823734283447,1.0,8,DBLP,fixed_wmc,1.0,9,no_overlap
0.8597402597402597,0.8482811273451772,0.9152390956878662,1.4816673099189501,8,DBLP,fixed_wmc,0.1,9,WMC_0.10
0.8442545109211775,0.8328952736244963,0.9686374664306641,1.348900038595137,8,DBLP,fixed_wmc,0.2,9,WMC_0.20
0.8298969072164949,0.8162528546862241,0.9387946128845215,1.2439212659204941,8,DBLP,fixed_wmc,0.3,9,WMC_0.30
0.8272921108742004,0.814586842622311,0.9449050426483154,1.2041682747973754,8,DBLP,fixed_wmc,0.4,9,WMC_0.40
0.8357064622124863,0.8178537596457026,0.9320073127746582,1.1709764569664223,8,DBLP,fixed_wmc,0.5,9,WMC_0.50
0.7648202137998056,0.7358481611169463,1.1447827816009521,1.3195677344654573,8,DBLP,adaptive,0.3,9,entropy_l050
0.8552123552123552,0.8450153153626089,1.1081311702728271,1.3284446159783867,8,DBLP,adaptive,0.3,9,margin_l050
0.8482228626320846,0.8364629304457507,1.1013298034667969,1.3342338865302972,8,DBLP,adaptive,0.3,9,hybrid_l050
0.8186462324393359,0.8130442270424408,0.9732129573822021,1.0,8,DBLP,fixed_wmc,1.0,10,no_overlap
0.8554112554112554,0.8449593086751142,0.9453639984130859,1.4816673099189501,8,DBLP,fixed_wmc,0.1,10,WMC_0.10
0.8328584995251662,0.8192595690333518,1.066685438156128,1.348900038595137,8,DBLP,fixed_wmc,0.2,10,WMC_0.20
0.8587628865979381,0.8457457870690411,0.9131920337677002,1.2439212659204941,8,DBLP,fixed_wmc,0.3,10,WMC_0.30
0.8571428571428571,0.8459618109245145,0.9498159885406494,1.2041682747973754,8,DBLP,fixed_wmc,0.4,10,WMC_0.40
0.8389923329682366,0.8295013730609426,0.934328556060791,1.1709764569664223,8,DBLP,fixed_wmc,0.5,10,WMC_0.50
0.8377065111758989,0.8221484792331735,0.9419708251953125,1.3195677344654573,8,DBLP,adaptive,0.3,10,entropy_l050
0.8436293436293436,0.8272824171294029,0.9282300472259521,1.3284446159783867,8,DBLP,adaptive,0.3,10,margin_l050
0.8491834774255523,0.8399949272149573,0.9995224475860596,1.3342338865302972,8,DBLP,adaptive,0.3,10,hybrid_l050
0.8186462324393359,0.813949790664654,0.9319849014282227,1.0,8,DBLP,fixed_wmc,1.0,11,no_overlap
0.8545454545454545,0.8388230254420527,0.9841868877410889,1.4816673099189501,8,DBLP,fixed_wmc,0.1,11,WMC_0.10
0.8480531813865148,0.8387413178987704,1.0599033832550049,1.348900038595137,8,DBLP,fixed_wmc,0.2,11,WMC_0.20
0.822680412371134,0.8098923737460424,0.9764127731323242,1.2439212659204941,8,DBLP,fixed_wmc,0.3,11,WMC_0.30
0.8454157782515992,0.8362638611876556,0.9995303153991699,1.2041682747973754,8,DBLP,fixed_wmc,0.4,11,WMC_0.40
0.8565169769989047,0.8536613757686664,0.9418835639953613,1.1709764569664223,8,DBLP,fixed_wmc,0.5,11,WMC_0.50
0.8425655976676385,0.8212538006585599,1.0349433422088623,1.3195677344654573,8,DBLP,adaptive,0.3,11,entropy_l050
0.8581081081081081,0.8475797982563494,0.945467472076416,1.3284446159783867,8,DBLP,adaptive,0.3,11,margin_l050
0.8578290105667628,0.8476380657913484,1.0268709659576416,1.3342338865302972,8,DBLP,adaptive,0.3,11,hybrid_l050
0.8237547892720306,0.8136054589467507,0.889876127243042,1.0,8,DBLP,fixed_wmc,1.0,12,no_overlap
0.8554112554112554,0.844061230640184,0.9075250625610352,1.4816673099189501,8,DBLP,fixed_wmc,0.1,12,WMC_0.10
0.8243114909781576,0.8011002060145487,1.0511112213134766,1.348900038595137,8,DBLP,fixed_wmc,0.2,12,WMC_0.20
0.8329896907216495,0.8137927170718189,0.9288973808288574,1.2439212659204941,8,DBLP,fixed_wmc,0.3,12,WMC_0.30
0.8283582089552238,0.8065362607131272,0.9321999549865723,1.2041682747973754,8,DBLP,fixed_wmc,0.4,12,WMC_0.40
0.8433734939759037,0.8286809093802525,0.9356899261474609,1.1709764569664223,8,DBLP,fixed_wmc,0.5,12,WMC_0.50
0.8610301263362488,0.849544330388067,0.9514789581298828,1.3195677344654573,8,DBLP,adaptive,0.3,12,entropy_l050
0.8581081081081081,0.8498080397836636,0.9340231418609619,1.3284446159783867,8,DBLP,adaptive,0.3,12,margin_l050
0.8607108549471661,0.8456977469872283,0.9577145576477051,1.3342338865302972,8,DBLP,adaptive,0.3,12,hybrid_l050
0.8250319284802043,0.8112714804611447,0.8823134899139404,1.0,8,DBLP,fixed_wmc,1.0,13,no_overlap
0.8329004329004329,0.8108457267512719,0.9107227325439453,1.4816673099189501,8,DBLP,fixed_wmc,0.1,13,WMC_0.10
0.855650522317189,0.8440200856896504,1.0265698432922363,1.348900038595137,8,DBLP,fixed_wmc,0.2,13,WMC_0.20
0.8525773195876288,0.8457114759890345,0.9354135990142822,1.2439212659204941,8,DBLP,fixed_wmc,0.3,13,WMC_0.30
0.8400852878464818,0.8286365672509891,0.900122880935669,1.2041682747973754,8,DBLP,fixed_wmc,0.4,13,WMC_0.40
0.8247535596933188,0.8195910114415197,0.8922514915466309,1.1709764569664223,8,DBLP,fixed_wmc,0.5,13,WMC_0.50
0.8454810495626822,0.8382236624476951,0.9571807384490967,1.3195677344654573,8,DBLP,adaptive,0.3,13,entropy_l050
0.8175675675675675,0.8000644510543828,0.9434096813201904,1.3284446159783867,8,DBLP,adaptive,0.3,13,margin_l050
0.834774255523535,0.8205808826737481,0.9726059436798096,1.3342338865302972,8,DBLP,adaptive,0.3,13,hybrid_l050
0.8390804597701149,0.8327859014237196,0.8777554035186768,1.0,8,DBLP,fixed_wmc,1.0,14,no_overlap
0.8571428571428571,0.8457552347569818,0.9138228893280029,1.4816673099189501,8,DBLP,fixed_wmc,0.1,14,WMC_0.10
0.8442545109211775,0.8341280792711623,1.0187008380889893,1.348900038595137,8,DBLP,fixed_wmc,0.2,14,WMC_0.20
0.8577319587628865,0.8505433914766606,0.9387552738189697,1.2439212659204941,8,DBLP,fixed_wmc,0.3,14,WMC_0.30
0.8422174840085288,0.8300583951146596,0.8824453353881836,1.2041682747973754,8,DBLP,fixed_wmc,0.4,14,WMC_0.40
0.8565169769989047,0.8510491664121284,0.9564824104309082,1.1709764569664223,8,DBLP,fixed_wmc,0.5,14,WMC_0.50
0.8522837706511176,0.8399959036578799,0.9820652008056641,1.3195677344654573,8,DBLP,adaptive,0.3,14,entropy_l050
0.8455598455598455,0.83961838252709,0.935849666595459,1.3284446159783867,8,DBLP,adaptive,0.3,14,margin_l050
0.8395773294908742,0.8319502416615364,0.9615697860717773,1.3342338865302972,8,DBLP,adaptive,0.3,14,hybrid_l050
0.8173690932311622,0.8120746387224191,0.8526284694671631,1.0,8,DBLP,fixed_wmc,1.0,15,no_overlap
0.8588744588744589,0.8494665040542613,0.9613049030303955,1.4816673099189501,8,DBLP,fixed_wmc,0.1,15,WMC_0.10
0.8319088319088319,0.8188727068579442,1.0485074520111084,1.348900038595137,8,DBLP,fixed_wmc,0.2,15,WMC_0.20
0.8587628865979381,0.8535519589335494,0.9664099216461182,1.2439212659204941,8,DBLP,fixed_wmc,0.3,15,WMC_0.30
0.8699360341151386,0.8618710439836337,0.9226782321929932,1.2041682747973754,8,DBLP,fixed_wmc,0.4,15,WMC_0.40
0.836801752464403,0.8300795114163402,1.0226209163665771,1.1709764569664223,8,DBLP,fixed_wmc,0.5,15,WMC_0.50
0.8649173955296404,0.8547190121873078,0.9456512928009033,1.3195677344654573,8,DBLP,adaptive,0.3,15,entropy_l050
0.8648648648648649,0.8577612459252852,0.9844183921813965,1.3284446159783867,8,DBLP,adaptive,0.3,15,margin_l050
0.8587896253602305,0.8466223075786394,1.1250114440917969,1.3342338865302972,8,DBLP,adaptive,0.3,15,hybrid_l050
0.8288633461047255,0.8249005253455027,1.8544275760650635,1.0,8,DBLP,fixed_wmc,1.0,16,no_overlap
0.8510822510822511,0.8424502724741595,1.0893259048461914,1.4816673099189501,8,DBLP,fixed_wmc,0.1,16,WMC_0.10
0.8404558404558404,0.8322628808969377,1.4522418975830078,1.348900038595137,8,DBLP,fixed_wmc,0.2,16,WMC_0.20
0.8515463917525773,0.8423023753336566,1.2122457027435303,1.2439212659204941,8,DBLP,fixed_wmc,0.3,16,WMC_0.30
0.8464818763326226,0.8399315780446358,1.324249505996704,1.2041682747973754,8,DBLP,fixed_wmc,0.4,16,WMC_0.40
0.8335158817086528,0.8219765332692166,1.4603583812713623,1.1709764569664223,8,DBLP,fixed_wmc,0.5,16,WMC_0.50
0.8522837706511176,0.8410681940888387,1.6571669578552246,1.3195677344654573,8,DBLP,adaptive,0.3,16,entropy_l050
0.8359073359073359,0.8266296703063628,1.4425835609436035,1.3284446159783867,8,DBLP,adaptive,0.3,16,margin_l050
0.8607108549471661,0.8498404425213124,1.597712755203247,1.3342338865302972,8,DBLP,adaptive,0.3,16,hybrid_l050
0.8160919540229885,0.8072889464968989,1.173769235610962,1.0,8,DBLP,fixed_wmc,1.0,17,no_overlap
0.8510822510822511,0.841401221435511,1.0204105377197266,1.4816673099189501,8,DBLP,fixed_wmc,0.1,17,WMC_0.10
0.8452041785375118,0.8311703667776684,1.5556087493896484,1.348900038595137,8,DBLP,fixed_wmc,0.2,17,WMC_0.20
0.8670103092783505,0.864154593976363,1.2024321556091309,1.2439212659204941,8,DBLP,fixed_wmc,0.3,17,WMC_0.30
0.849680170575693,0.8427460356112649,0.9339079856872559,1.2041682747973754,8,DBLP,fixed_wmc,0.4,17,WMC_0.40
0.8389923329682366,0.8270980803401243,0.9119362831115723,1.1709764569664223,8,DBLP,fixed_wmc,0.5,17,WMC_0.50
0.8629737609329446,0.8536752912031659,0.9867751598358154,1.3195677344654573,8,DBLP,adaptive,0.3,17,entropy_l050
0.8677606177606177,0.86045886984816,0.945685863494873,1.3284446159783867,8,DBLP,adaptive,0.3,17,margin_l050
0.8501440922190202,0.8423337621958685,1.0304651260375977,1.3342338865302972,8,DBLP,adaptive,0.3,17,hybrid_l050
0.8045977011494253,0.7913104958456245,0.8980047702789307,1.0,8,DBLP,fixed_wmc,1.0,18,no_overlap
0.8536796536796537,0.8450364605284578,0.9833965301513672,1.4816673099189501,8,DBLP,fixed_wmc,0.1,18,WMC_0.10
0.818613485280152,0.8000827452625582,1.2624094486236572,1.348900038595137,8,DBLP,fixed_wmc,0.2,18,WMC_0.20
0.8247422680412371,0.8153512816860788,0.8788599967956543,1.2439212659204941,8,DBLP,fixed_wmc,0.3,18,WMC_0.30
0.8272921108742004,0.8252463777237404,0.8174185752868652,1.2041682747973754,8,DBLP,fixed_wmc,0.4,18,WMC_0.40
0.8094194961664841,0.7954540447176586,1.047914981842041,1.1709764569664223,8,DBLP,fixed_wmc,0.5,18,WMC_0.50
0.8075801749271136,0.7985747942255135,1.1438636779785156,1.3195677344654573,8,DBLP,adaptive,0.3,18,entropy_l050
0.8445945945945946,0.8385356750262034,0.950129508972168,1.3284446159783867,8,DBLP,adaptive,0.3,18,margin_l050
0.8376560999039385,0.8297590440132847,0.9598712921142578,1.3342338865302972,8,DBLP,adaptive,0.3,18,hybrid_l050
0.8467432950191571,0.8409282192001527,0.8564033508300781,1.0,8,DBLP,fixed_wmc,1.0,19,no_overlap
0.8614718614718615,0.8490602557797408,1.1898448467254639,1.4816673099189501,8,DBLP,fixed_wmc,0.1,19,WMC_0.10
0.862298195631529,0.8516144651244225,1.102175235748291,1.348900038595137,8,DBLP,fixed_wmc,0.2,19,WMC_0.20
0.8597938144329897,0.8516889145600612,1.043030023574829,1.2439212659204941,8,DBLP,fixed_wmc,0.3,19,WMC_0.30
0.8464818763326226,0.8334709987055434,1.6189424991607666,1.2041682747973754,8,DBLP,fixed_wmc,0.4,19,WMC_0.40
0.8674698795180723,0.8587833295635403,1.4887077808380127,1.1709764569664223,8,DBLP,fixed_wmc,0.5,19,WMC_0.50
0.8600583090379009,0.8485731577497282,0.8664348125457764,1.3195677344654573,8,DBLP,adaptive,0.3,19,entropy_l050
0.861969111969112,0.8476896387781817,0.9781911373138428,1.3284446159783867,8,DBLP,adaptive,0.3,19,margin_l050
0.851104707012488,0.836702233804564,1.4843480587005615,1.3342338865302972,8,DBLP,adaptive,0.3,19,hybrid_l050
0.3830703012912482,0.2509895705624256,1.5344703197479248,1.0,10,IMDB,fixed_wmc,1.0,0,no_overlap
0.4442144007361399,0.3799510011640628,2.643376111984253,3.126349892008639,10,IMDB,fixed_wmc,0.1,0,WMC_0.10
0.4402922169148637,0.3022225802605888,2.3191771507263184,2.5585313174946003,10,IMDB,fixed_wmc,0.2,0,WMC_0.20
0.4383159268929504,0.3357708241981765,2.1436405181884766,2.2025917926565874,10,IMDB,fixed_wmc,0.3,0,WMC_0.30
0.4406273338312173,0.33310130681035427,2.081043004989624,1.9248380129589633,10,IMDB,fixed_wmc,0.4,0,WMC_0.40
0.4287531806615776,0.33034999990460046,1.8813285827636719,1.693304535637149,10,IMDB,fixed_wmc,0.5,0,WMC_0.50
0.4495335029686175,0.35272435900091903,2.290912628173828,2.54341252699784,10,IMDB,adaptive,0.3,0,entropy_l050
0.442865264354747,0.35340527278998723,2.355409860610962,2.5293736501079915,10,IMDB,adaptive,0.3,0,margin_l050
0.44453688297282307,0.2988297276463484,2.3833534717559814,2.5924406047516197,10,IMDB,adaptive,0.3,0,hybrid_l050
0.3916786226685796,0.319416354988619,1.518573522567749,1.0,10,IMDB,fixed_wmc,1.0,1,no_overlap
0.46192776627559234,0.36881591975730393,2.6713855266571045,3.126349892008639,10,IMDB,fixed_wmc,0.1,1,WMC_0.10
0.43832537229558866,0.3748613774832472,2.2478697299957275,2.5585313174946003,10,IMDB,fixed_wmc,0.2,1,WMC_0.20
0.43798955613577023,0.35924477474574845,2.1754860877990723,2.2025917926565874,10,IMDB,fixed_wmc,0.3,1,WMC_0.30
0.42643764002987306,0.3457238228804583,2.043104887008667,1.9248380129589633,10,IMDB,fixed_wmc,0.4,1,WMC_0.40
0.41391009329940626,0.31091453567838395,2.0894875526428223,1.693304535637149,10,IMDB,fixed_wmc,0.5,1,WMC_0.50
0.44698897370653096,0.35970680345277617,2.417348623275757,2.54341252699784,10,IMDB,adaptive,0.3,1,entropy_l050
0.45309835133598636,0.3729582625733294,2.3706140518188477,2.5293736501079915,10,IMDB,adaptive,0.3,1,margin_l050
0.41846921797004993,0.3423787319236847,2.4033210277557373,2.5924406047516197,10,IMDB,adaptive,0.3,1,hybrid_l050
0.38522238163558103,0.2561636819135492,1.4950904846191406,1.0,10,IMDB,fixed_wmc,1.0,2,no_overlap
0.4409937888198758,0.2934940152438175,2.6388649940490723,3.126349892008639,10,IMDB,fixed_wmc,0.1,2,WMC_0.10
0.43354874964877776,0.2961990398264652,2.3781189918518066,2.5585313174946003,10,IMDB,fixed_wmc,0.2,2,WMC_0.20
0.4406005221932115,0.33402639137336954,2.2333719730377197,2.2025917926565874,10,IMDB,fixed_wmc,0.3,2,WMC_0.30
0.4357729648991785,0.33497069292576687,2.161858320236206,1.9248380129589633,10,IMDB,fixed_wmc,0.4,2,WMC_0.40
0.4219677692960136,0.28193131808903676,1.8763608932495117,1.693304535637149,10,IMDB,fixed_wmc,0.5,2,WMC_0.50
0.4396381113938366,0.31707200371432875,2.8893463611602783,2.54341252699784,10,IMDB,adaptive,0.3,2,entropy_l050
0.42723138146674244,0.2917641266975902,2.5649123191833496,2.5293736501079915,10,IMDB,adaptive,0.3,2,margin_l050
0.43261231281198004,0.2863279832367196,2.6179959774017334,2.5924406047516197,10,IMDB,adaptive,0.3,2,hybrid_l050
0.39239598278335724,0.2887109327407188,1.5422067642211914,1.0,10,IMDB,fixed_wmc,1.0,3,no_overlap
0.4725097768576029,0.3598624726247456,2.8747658729553223,3.126349892008639,10,IMDB,fixed_wmc,0.1,3,WMC_0.10
0.4571508850800787,0.3320486680103402,2.416597843170166,2.5585313174946003,10,IMDB,fixed_wmc,0.2,3,WMC_0.20
0.4197127937336815,0.36065292767224844,2.54082989692688,2.2025917926565874,10,IMDB,fixed_wmc,0.3,3,WMC_0.30
0.4234503360716953,0.30289397952737956,2.1229145526885986,1.9248380129589633,10,IMDB,fixed_wmc,0.4,3,WMC_0.40
0.4262086513994911,0.3166920119330351,2.5496509075164795,1.693304535637149,10,IMDB,fixed_wmc,0.5,3,WMC_0.50
0.44614079728583544,0.33807011500849776,3.3014557361602783,2.54341252699784,10,IMDB,adaptive,0.3,3,entropy_l050
0.4457077885162024,0.3405695735020805,2.863753080368042,2.5293736501079915,10,IMDB,adaptive,0.3,3,margin_l050
0.4364947310038824,0.3416167508267382,2.7026894092559814,2.5924406047516197,10,IMDB,adaptive,0.3,3,hybrid_l050
0.39239598278335724,0.3184179226795278,1.5005075931549072,1.0,10,IMDB,fixed_wmc,1.0,4,no_overlap
0.4520358868184955,0.3696957776363507,3.0367624759674072,3.126349892008639,10,IMDB,fixed_wmc,0.1,4,WMC_0.10
0.4290531048047204,0.30576909116097856,2.379119634628296,2.5585313174946003,10,IMDB,fixed_wmc,0.2,4,WMC_0.20
0.4539817232375979,0.3682194312204632,2.29644775390625,2.2025917926565874,10,IMDB,fixed_wmc,0.3,4,WMC_0.30
0.4316654219566841,0.3247355453432284,2.0329225063323975,1.9248380129589633,10,IMDB,fixed_wmc,0.4,4,WMC_0.40
0.4253604749787956,0.31912215752041717,1.9451467990875244,1.693304535637149,10,IMDB,fixed_wmc,0.5,4,WMC_0.50
0.43256997455470736,0.3233867138469238,2.3832836151123047,2.54341252699784,10,IMDB,adaptive,0.3,4,entropy_l050
0.4542353610005685,0.36270655395285833,2.4204986095428467,2.5293736501079915,10,IMDB,adaptive,0.3,4,margin_l050
0.43067110371602885,0.34011222062953317,2.479905366897583,2.5924406047516197,10,IMDB,adaptive,0.3,4,hybrid_l050
0.40100430416068866,0.3078762108927464,1.617964267730713,1.0,10,IMDB,fixed_wmc,1.0,5,no_overlap
0.4442144007361399,0.3360302193610109,2.739490509033203,3.126349892008639,10,IMDB,fixed_wmc,0.1,5,WMC_0.10
0.4268052823826918,0.3270058253555917,2.427703380584717,2.5585313174946003,10,IMDB,fixed_wmc,0.2,5,WMC_0.20
0.4308093994778068,0.3049227326295452,2.315993070602417,2.2025917926565874,10,IMDB,fixed_wmc,0.3,5,WMC_0.30
0.42270351008215085,0.3458895403044713,2.1317875385284424,1.9248380129589633,10,IMDB,fixed_wmc,0.4,5,WMC_0.40
0.4211195928753181,0.32401308248463967,1.924943447113037,1.693304535637149,10,IMDB,fixed_wmc,0.5,5,WMC_0.50
0.4348317783432287,0.3305376719702877,2.438347101211548,2.54341252699784,10,IMDB,adaptive,0.3,5,entropy_l050
0.4522455940875497,0.35129662598087374,2.5037055015563965,2.5293736501079915,10,IMDB,adaptive,0.3,5,margin_l050
0.4190238491403217,0.3153585330490267,2.430091381072998,2.5924406047516197,10,IMDB,adaptive,0.3,5,hybrid_l050
0.39239598278335724,0.32345676481778274,1.5349767208099365,1.0,10,IMDB,fixed_wmc,1.0,6,no_overlap
0.46238785369220153,0.37831626554971826,2.7397239208221436,3.126349892008639,10,IMDB,fixed_wmc,0.1,6,WMC_0.10
0.43326777184602416,0.3202109032431668,2.3378117084503174,2.5585313174946003,10,IMDB,fixed_wmc,0.2,6,WMC_0.20
0.43505221932114885,0.3483446035181395,2.4253692626953125,2.2025917926565874,10,IMDB,fixed_wmc,0.3,6,WMC_0.30
0.42830470500373413,0.3153672234133856,2.0404043197631836,1.9248380129589633,10,IMDB,fixed_wmc,0.4,6,WMC_0.40
0.43256997455470736,0.3742114121653756,1.976233959197998,1.693304535637149,10,IMDB,fixed_wmc,0.5,6,WMC_0.50
0.43030817076618605,0.33794991780469674,2.3939321041107178,2.54341252699784,10,IMDB,adaptive,0.3,6,entropy_l050
0.42012507106310404,0.3498612894192349,2.409039258956909,2.5293736501079915,10,IMDB,adaptive,0.3,6,margin_l050
0.4631170271769273,0.36642156247265334,2.4303090572357178,2.5924406047516197,10,IMDB,adaptive,0.3,6,hybrid_l050
0.4053084648493544,0.3753473207425939,1.5915114879608154,1.0,10,IMDB,fixed_wmc,1.0,7,no_overlap
0.43156199677938806,0.357274718656212,2.822343349456787,3.126349892008639,10,IMDB,fixed_wmc,0.1,7,WMC_0.10
0.4377634166900815,0.3241275948768936,2.363710641860962,2.5585313174946003,10,IMDB,fixed_wmc,0.2,7,WMC_0.20
0.4171018276762402,0.31566050484122055,2.3645925521850586,2.2025917926565874,10,IMDB,fixed_wmc,0.3,7,WMC_0.30
0.4245705750560119,0.3456143337436838,2.0429630279541016,1.9248380129589633,10,IMDB,fixed_wmc,0.4,7,WMC_0.40
0.3982188295165394,0.3306763687106808,1.8930561542510986,1.693304535637149,10,IMDB,fixed_wmc,0.5,7,WMC_0.50
0.4402035623409669,0.32072054521623683,2.411036252975464,2.54341252699784,10,IMDB,adaptive,0.3,7,entropy_l050
0.42012507106310404,0.30262653015220237,2.5223782062530518,2.5293736501079915,10,IMDB,adaptive,0.3,7,margin_l050
0.44093178036605657,0.3562506566826842,2.416642665863037,2.5924406047516197,10,IMDB,adaptive,0.3,7,hybrid_l050
0.3802008608321377,0.350610502915889,1.5037646293640137,1.0,10,IMDB,fixed_wmc,1.0,8,no_overlap
0.45157579940188636,0.38656835698263986,2.723663806915283,3.126349892008639,10,IMDB,fixed_wmc,0.1,8,WMC_0.10
0.4490025288002248,0.3544644317486032,2.278599977493286,2.5585313174946003,10,IMDB,fixed_wmc,0.2,8,WMC_0.20
0.4050261096605744,0.3606278085705127,2.2188611030578613,2.2025917926565874,10,IMDB,fixed_wmc,0.3,8,WMC_0.30
0.4215832710978342,0.37808697465328994,1.9999544620513916,1.9248380129589633,10,IMDB,fixed_wmc,0.4,8,WMC_0.40
0.44147582697201015,0.38814929917167573,1.8852880001068115,1.693304535637149,10,IMDB,fixed_wmc,0.5,8,WMC_0.50
0.43907266044670623,0.3652798258210204,2.5346460342407227,2.54341252699784,10,IMDB,adaptive,0.3,8,entropy_l050
0.4482660602615122,0.3612331363655102,2.4449801445007324,2.5293736501079915,10,IMDB,adaptive,0.3,8,margin_l050
0.4425956738768719,0.35085115488212393,2.4079246520996094,2.5924406047516197,10,IMDB,adaptive,0.3,8,hybrid_l050
0.42109038737446197,0.32176007596366757,2.3769290447235107,1.0,10,IMDB,fixed_wmc,1.0,9,no_overlap
0.44352426961122615,0.3384974223081733,2.877427339553833,3.126349892008639,10,IMDB,fixed_wmc,0.1,9,WMC_0.10
0.4419780837313852,0.35370636642827047,2.436248302459717,2.5585313174946003,10,IMDB,fixed_wmc,0.2,9,WMC_0.20
0.43048302872062666,0.3434571309366211,2.420785903930664,2.2025917926565874,10,IMDB,fixed_wmc,0.3,9,WMC_0.30
0.4215832710978342,0.34361475373916806,2.1873998641967773,1.9248380129589633,10,IMDB,fixed_wmc,0.4,9,WMC_0.40
0.410941475826972,0.3162086444117543,1.8872120380401611,1.693304535637149,10,IMDB,fixed_wmc,0.5,9,WMC_0.50
0.43539722929035907,0.3092992094022904,2.3806307315826416,2.54341252699784,10,IMDB,adaptive,0.3,9,entropy_l050
0.450255827174531,0.3736956379624675,2.478640079498291,2.5293736501079915,10,IMDB,adaptive,0.3,9,margin_l050
0.4301164725457571,0.35400299115946743,2.4176580905914307,2.5924406047516197,10,IMDB,adaptive,0.3,9,hybrid_l050
0.396700143472023,0.30350688587226554,1.5658791065216064,1.0,10,IMDB,fixed_wmc,1.0,10,no_overlap
0.4467448815274902,0.3195156231104578,2.727083206176758,3.126349892008639,10,IMDB,fixed_wmc,0.1,10,WMC_0.10
0.4388873279010958,0.32448869678032416,2.3450169563293457,2.5585313174946003,10,IMDB,fixed_wmc,0.2,10,WMC_0.20
0.41840731070496084,0.30275445140707835,2.2193455696105957,2.2025917926565874,10,IMDB,fixed_wmc,0.3,10,WMC_0.30
0.42494398805078415,0.34132615650725284,2.0762157440185547,1.9248380129589633,10,IMDB,fixed_wmc,0.4,10,WMC_0.40
0.4270568278201866,0.3403619822208189,1.9454700946807861,1.693304535637149,10,IMDB,fixed_wmc,0.5,10,WMC_0.50
0.4238054848741872,0.2985747422858857,2.4325382709503174,2.54341252699784,10,IMDB,adaptive,0.3,10,entropy_l050
0.4471290505969301,0.3841071079483954,2.4839820861816406,2.5293736501079915,10,IMDB,adaptive,0.3,10,margin_l050
0.43621741541874653,0.3199512867793123,2.4517712593078613,2.5924406047516197,10,IMDB,adaptive,0.3,10,hybrid_l050
0.3931133428981349,0.29745261354216523,1.533416748046875,1.0,10,IMDB,fixed_wmc,1.0,11,no_overlap
0.42857142857142855,0.32091710986869654,2.759401321411133,3.126349892008639,10,IMDB,fixed_wmc,0.1,11,WMC_0.10
0.42821017139645967,0.3312347461229245,2.2720682621002197,2.5585313174946003,10,IMDB,fixed_wmc,0.2,11,WMC_0.20
0.43994778067885115,0.35359890427881907,2.239267110824585,2.2025917926565874,10,IMDB,fixed_wmc,0.3,11,WMC_0.30
0.4174757281553398,0.31139705725323275,1.9767968654632568,1.9248380129589633,10,IMDB,fixed_wmc,0.4,11,WMC_0.40
0.4351145038167939,0.3267345087253034,1.8789525032043457,1.693304535637149,10,IMDB,fixed_wmc,0.5,11,WMC_0.50
0.43172179813401185,0.35536854552242786,2.3716602325439453,2.54341252699784,10,IMDB,adaptive,0.3,11,entropy_l050
0.4394542353610006,0.30874568475063446,2.3847110271453857,2.5293736501079915,10,IMDB,adaptive,0.3,11,margin_l050
0.4384359400998336,0.3386514142421654,2.378079414367676,2.5924406047516197,10,IMDB,adaptive,0.3,11,hybrid_l050
0.39741750358680056,0.31664555005258743,1.5035696029663086,1.0,10,IMDB,fixed_wmc,1.0,12,no_overlap
0.42995169082125606,0.3344760496320912,2.688322067260742,3.126349892008639,10,IMDB,fixed_wmc,0.1,12,WMC_0.10
0.4321438606350098,0.3183750902797392,2.4881253242492676,2.5585313174946003,10,IMDB,fixed_wmc,0.2,12,WMC_0.20
0.4441906005221932,0.3135891646014039,2.339094400405884,2.2025917926565874,10,IMDB,fixed_wmc,0.3,12,WMC_0.30
0.4215832710978342,0.3072483528844307,2.0173401832580566,1.9248380129589633,10,IMDB,fixed_wmc,0.4,12,WMC_0.40
0.43469041560644617,0.34324266627279226,1.8941538333892822,1.693304535637149,10,IMDB,fixed_wmc,0.5,12,WMC_0.50
0.4133446423522759,0.31368928245888716,2.3651323318481445,2.54341252699784,10,IMDB,adaptive,0.3,12,entropy_l050
0.4357589539511086,0.3219356217333296,2.5102052688598633,2.5293736501079915,10,IMDB,adaptive,0.3,12,margin_l050
0.45535219079312256,0.3357767000523048,2.387242078781128,2.5924406047516197,10,IMDB,adaptive,0.3,12,hybrid_l050
0.3981348637015782,0.3106985112171431,1.499906301498413,1.0,10,IMDB,fixed_wmc,1.0,13,no_overlap
0.4688290775247297,0.37022440579704996,2.785407781600952,3.126349892008639,10,IMDB,fixed_wmc,0.1,13,WMC_0.10
0.4554650182635572,0.3697952627109258,2.2749438285827637,2.5585313174946003,10,IMDB,fixed_wmc,0.2,13,WMC_0.20
0.4386422976501306,0.34441873930186406,2.2610270977020264,2.2025917926565874,10,IMDB,fixed_wmc,0.3,13,WMC_0.30
0.42046303211351754,0.3057486189481382,2.000619649887085,1.9248380129589633,10,IMDB,fixed_wmc,0.4,13,WMC_0.40
0.41348600508905853,0.32694096464801314,1.8652980327606201,1.693304535637149,10,IMDB,fixed_wmc,0.5,13,WMC_0.50
0.42832909245122985,0.3401953119861628,2.3113365173339844,2.54341252699784,10,IMDB,adaptive,0.3,13,entropy_l050
0.4511085844229676,0.33612452941165827,2.500814437866211,2.5293736501079915,10,IMDB,adaptive,0.3,13,margin_l050
0.45562950637825844,0.3704030417708105,2.4250380992889404,2.5924406047516197,10,IMDB,adaptive,0.3,13,hybrid_l050
0.3601147776183644,0.2937677599279348,1.569300889968872,1.0,10,IMDB,fixed_wmc,1.0,14,no_overlap
0.44835518748562225,0.374074638052959,2.756248950958252,3.126349892008639,10,IMDB,fixed_wmc,0.1,14,WMC_0.10
0.4341107052542849,0.3569686145964802,2.326974391937256,2.5585313174946003,10,IMDB,fixed_wmc,0.2,14,WMC_0.20
0.4425587467362924,0.33086607377591654,2.280665874481201,2.2025917926565874,10,IMDB,fixed_wmc,0.3,14,WMC_0.30
0.4316654219566841,0.34340993138930453,2.1084771156311035,1.9248380129589633,10,IMDB,fixed_wmc,0.4,14,WMC_0.40
0.4223918575063613,0.3330632035169418,1.9817922115325928,1.693304535637149,10,IMDB,fixed_wmc,0.5,14,WMC_0.50
0.45038167938931295,0.3426244512029417,2.5700697898864746,2.54341252699784,10,IMDB,adaptive,0.3,14,entropy_l050
0.4414440022740193,0.3510421958592895,2.554703712463379,2.5293736501079915,10,IMDB,adaptive,0.3,14,margin_l050
0.4276206322795341,0.3444332081807451,2.4821178913116455,2.5924406047516197,10,IMDB,adaptive,0.3,14,hybrid_l050
0.38952654232424677,0.2723334227186675,1.6041488647460938,1.0,10,IMDB,fixed_wmc,1.0,15,no_overlap
0.45962732919254656,0.351835700565934,2.919712543487549,3.126349892008639,10,IMDB,fixed_wmc,0.1,15,WMC_0.10
0.4422590615341388,0.32794636442203584,2.5569334030151367,2.5585313174946003,10,IMDB,fixed_wmc,0.2,15,WMC_0.20
0.41383812010443866,0.3428247668660464,2.406348943710327,2.2025917926565874,10,IMDB,fixed_wmc,0.3,15,WMC_0.30
0.4234503360716953,0.323499928814775,2.0781869888305664,1.9248380129589633,10,IMDB,fixed_wmc,0.4,15,WMC_0.40
0.39652247667514845,0.29400097667982994,1.963369369506836,1.693304535637149,10,IMDB,fixed_wmc,0.5,15,WMC_0.50
0.4342663273960984,0.3240764447454701,2.463411331176758,2.54341252699784,10,IMDB,adaptive,0.3,15,entropy_l050
0.44172825469016486,0.33183634117837546,2.4244613647460938,2.5293736501079915,10,IMDB,adaptive,0.3,15,margin_l050
0.42872989462007766,0.2909370975996316,2.439547538757324,2.5924406047516197,10,IMDB,adaptive,0.3,15,hybrid_l050
0.381635581061693,0.2656299745937936,1.54435396194458,1.0,10,IMDB,fixed_wmc,1.0,16,no_overlap
0.4393834828617437,0.33104494266810336,2.854234457015991,3.126349892008639,10,IMDB,fixed_wmc,0.1,16,WMC_0.10
0.4419780837313852,0.3466341564749983,2.201214551925659,2.5585313174946003,10,IMDB,fixed_wmc,0.2,16,WMC_0.20
0.4275456919060052,0.35058937505962706,2.216339588165283,2.2025917926565874,10,IMDB,fixed_wmc,0.3,16,WMC_0.30
0.4294249439880508,0.3138349560709192,2.1175684928894043,1.9248380129589633,10,IMDB,fixed_wmc,0.4,16,WMC_0.40
0.4223918575063613,0.3466189440046819,1.937490463256836,1.693304535637149,10,IMDB,fixed_wmc,0.5,16,WMC_0.50
0.42663273960983883,0.32248528922262765,2.3468334674835205,2.54341252699784,10,IMDB,adaptive,0.3,16,entropy_l050
0.469300739056282,0.3873590177856368,2.426335573196411,2.5293736501079915,10,IMDB,adaptive,0.3,16,margin_l050
0.43399889073765946,0.32127679427666817,2.392533540725708,2.5924406047516197,10,IMDB,adaptive,0.3,16,hybrid_l050
0.3945480631276901,0.27257323481621826,1.4840118885040283,1.0,10,IMDB,fixed_wmc,1.0,17,no_overlap
0.43823326432022086,0.2967360961871096,2.8606133460998535,3.126349892008639,10,IMDB,fixed_wmc,0.1,17,WMC_0.10
0.4551840404608036,0.34950488199061736,2.3562734127044678,2.5585313174946003,10,IMDB,fixed_wmc,0.2,17,WMC_0.20
0.39033942558746737,0.2812760859520663,2.3440444469451904,2.2025917926565874,10,IMDB,fixed_wmc,0.3,17,WMC_0.30
0.4156086631814787,0.320869312227254,2.142756462097168,1.9248380129589633,10,IMDB,fixed_wmc,0.4,17,WMC_0.40
0.4385072094995759,0.329162044047242,2.0538790225982666,1.693304535637149,10,IMDB,fixed_wmc,0.5,17,WMC_0.50
0.43341815097540287,0.291734062172816,2.463017463684082,2.54341252699784,10,IMDB,adaptive,0.3,17,entropy_l050
0.44627629334849345,0.34220640120345747,2.5194475650787354,2.5293736501079915,10,IMDB,adaptive,0.3,17,margin_l050
0.43954520244037715,0.31967900572572316,2.4619593620300293,2.5924406047516197,10,IMDB,adaptive,0.3,17,hybrid_l050
0.39956958393113345,0.30012491550694953,1.5606296062469482,1.0,10,IMDB,fixed_wmc,1.0,18,no_overlap
0.4612376351506786,0.4125436449502347,3.023669958114624,3.126349892008639,10,IMDB,fixed_wmc,0.1,18,WMC_0.10
0.4459117729699354,0.3515240261374154,2.507575035095215,2.5585313174946003,10,IMDB,fixed_wmc,0.2,18,WMC_0.20
0.4223237597911227,0.29805747538492916,2.3218626976013184,2.2025917926565874,10,IMDB,fixed_wmc,0.3,18,WMC_0.30
0.4279312920089619,0.29965471012550593,2.0555419921875,1.9248380129589633,10,IMDB,fixed_wmc,0.4,18,WMC_0.40
0.42748091603053434,0.35397230169120675,1.9422416687011719,1.693304535637149,10,IMDB,fixed_wmc,0.5,18,WMC_0.50
0.41928187729714445,0.31002527804778374,2.382570743560791,2.54341252699784,10,IMDB,adaptive,0.3,18,entropy_l050
0.427515633882888,0.3176650458741979,2.4879112243652344,2.5293736501079915,10,IMDB,adaptive,0.3,18,margin_l050
0.43094841930116473,0.3011594181837175,2.489715576171875,2.5924406047516197,10,IMDB,adaptive,0.3,18,hybrid_l050
0.406025824964132,0.28395466441488787,1.5358083248138428,1.0,10,IMDB,fixed_wmc,1.0,19,no_overlap
0.4497354497354497,0.3397325322165051,2.7534708976745605,3.126349892008639,10,IMDB,fixed_wmc,0.1,19,WMC_0.10
0.43523461646529926,0.3041712060571067,2.377484083175659,2.5585313174946003,10,IMDB,fixed_wmc,0.2,19,WMC_0.20
0.4236292428198433,0.28578805548440894,2.266433000564575,2.2025917926565874,10,IMDB,fixed_wmc,0.3,19,WMC_0.30
0.4380134428678118,0.30170617456767546,2.0266518592834473,1.9248380129589633,10,IMDB,fixed_wmc,0.4,19,WMC_0.40
0.40415606446140795,0.280899278202154,1.9019811153411865,1.693304535637149,10,IMDB,fixed_wmc,0.5,19,WMC_0.50
0.44896805202148715,0.34224278030939354,2.3696177005767822,2.54341252699784,10,IMDB,adaptive,0.3,19,entropy_l050
0.4414440022740193,0.3025474866761441,2.41035795211792,2.5293736501079915,10,IMDB,adaptive,0.3,19,margin_l050
0.4462007764836384,0.31202452791324403,2.425414562225342,2.5924406047516197,10,IMDB,adaptive,0.3,19,hybrid_l050
